INSERT INTO lugar (l_id, l_nombre, l_tipo) VALUES
(1601, 'Amazonas', 'E'),
(1602, 'Anzoátegui', 'E'),
(1603, 'Apure', 'E'),
(1604, 'Aragua', 'E'),
(1605, 'Barinas', 'E'),
(1606, 'Bolívar', 'E'),
(1607, 'Carabobo', 'E'),
(1608, 'Cojedes', 'E'),
(1609, 'Delta Amacuro', 'E'),
(1610, 'Falcón', 'E'),
(1611, 'Guárico', 'E'),
(1612, 'Lara', 'E'),
(1613, 'Mérida', 'E'),
(1614, 'Miranda', 'E'),
(1615, 'Monagas', 'E'),
(1616, 'Nueva Esparta', 'E'),
(1617, 'Portuguesa', 'E'),
(1618, 'Sucre', 'E'),
(1619, 'Táchira', 'E'),
(1620, 'Trujillo', 'E'),
(1621, 'Vargas', 'E'),
(1622, 'Yaracuy', 'E'),
(1623, 'Zulia', 'E'),
(1624, 'Distrito Capital', 'E'),
(1625, 'Dependencias Federales', 'E');


INSERT INTO lugar (l_id,fk_Lugar, l_tipo, l_nombre) VALUES
(1,1601,  'M','Alto Orinoco'),
(2,1601,  'M','Atabapo'),
(3,1601,  'M','Atures'),
(4,1601,  'M','Autana'),
(5,1601,  'M','Manapiare'),
(6,1601,  'M','Maroa'),
(7,1601,  'M','Río Negro'),
(8,1602,  'M','Anaco'),
(9,1602,  'M','Aragua'),
(10,1602, 'M', 'Manuel Ezequiel Bruzual'),
(11,1602, 'M', 'Diego Bautista Urbaneja'),
(12,1602, 'M', 'Fernando Peñalver'),
(13,1602, 'M', 'Francisco Del Carmen Carvajal'),
(14,1602, 'M', 'General Sir Arthur McGregor'),
(15,1602, 'M', 'Guanta'),
(16,1602, 'M', 'Independencia'),
(17,1602, 'M', 'José Gregorio Monagas'),
(18,1602, 'M', 'Juan Antonio Sotillo'),
(19,1602, 'M', 'Juan Manuel Cajigal'),
(20,1602, 'M', 'Libertad'),
(21,1602, 'M', 'Francisco de Miranda'),
(22,1602, 'M', 'Pedro María Freites'),
(23,1602, 'M', 'Píritu'),
(24,1602, 'M', 'San José de Guanipa'),
(25,1602, 'M', 'San Juan de Capistrano'),
(26,1602, 'M', 'Santa Ana'),
(27,1602, 'M', 'Simón Bolívar'),
(28,1602, 'M', 'Simón Rodríguez'),
(29,1603, 'M', 'Achaguas'),
(30,1603, 'M', 'Biruaca'),
(31,1603, 'M', 'Muñóz'),
(32,1603, 'M', 'Páez'),
(33,1603, 'M', 'Pedro Camejo'),
(34,1603, 'M', 'Rómulo Gallegos'),
(35,1603, 'M', 'San Fernando'),
(36,1604, 'M', 'Atanasio Girardot'),
(37,1604, 'M', 'Bolívar'),
(38,1604, 'M', 'Camatagua'),
(39,1604, 'M', 'Francisco Linares Alcántara'),
(40,1604, 'M', 'José Ángel Lamas'),
(41,1604, 'M', 'José Félix Ribas'),
(42,1604, 'M', 'José Rafael Revenga'),
(43,1604, 'M', 'Libertador'),
(44,1604, 'M', 'Mario Briceño Iragorry'),
(45,1604, 'M', 'Ocumare de la Costa de Oro'),
(46,1604, 'M', 'San Casimiro'),
(47,1604, 'M', 'San Sebastián'),
(48,1604, 'M', 'Santiago Mariño'),
(49,1604, 'M', 'Santos Michelena'),
(50,1604, 'M', 'Sucre'),
(51,1604, 'M', 'Tovar'),
(52,1604, 'M', 'Urdaneta'),
(53,1604, 'M', 'Zamora'),
(54,1605, 'M', 'Alberto Arvelo Torrealba'),
(55,1605, 'M', 'Andrés Eloy Blanco'),
(56,1605, 'M', 'Antonio José de Sucre'),
(57,1605, 'M', 'Arismendi'),
(58,1605, 'M', 'Barinas'),
(59,1605, 'M', 'Bolívar'),
(60,1605, 'M', 'Cruz Paredes'),
(61,1605, 'M', 'Ezequiel Zamora'),
(62,1605, 'M', 'Obispos'),
(63,1605, 'M', 'Pedraza'),
(64,1605, 'M', 'Rojas'),
(65,1605, 'M', 'Sosa'),
(66,1606, 'M', 'Caroní'),
(67,1606, 'M', 'Cedeño'),
(68,1606, 'M', 'El Callao'),
(69,1606, 'M', 'Gran Sabana'),
(70,1606, 'M', 'Heres'),
(71,1606, 'M', 'Piar'),
(72,1606, 'M', 'Angostura (Raúl Leoni)'),
(73,1606, 'M', 'Roscio'),
(74,1606, 'M', 'Sifontes'),
(75,1606, 'M', 'Sucre'),
(76,1606, 'M', 'Padre Pedro Chien'),
(77,1607, 'M', 'Bejuma'),
(78,1607, 'M', 'Carlos Arvelo'),
(79,1607, 'M', 'Diego Ibarra'),
(80,1607, 'M', 'Guacara'),
(81,1607, 'M', 'Juan José Mora'),
(82,1607, 'M', 'Libertador'),
(83,1607, 'M', 'Los Guayos'),
(84,1607, 'M', 'Miranda'),
(85,1607, 'M', 'Montalbán'),
(86,1607, 'M', 'Naguanagua'),
(87,1607, 'M', 'Puerto Cabello'),
(88,1607, 'M', 'San Diego'),
(89,1607, 'M', 'San Joaquín'),
(90,1607, 'M', 'Valencia'),
(91,1608, 'M', 'Anzoátegui'),
(92,1608, 'M', 'Tinaquillo'),
(93,1608, 'M', 'Girardot'),
(94,1608, 'M', 'Lima Blanco'),
(95,1608, 'M', 'Pao de San Juan Bautista'),
(96,1608, 'M', 'Ricaurte'),
(97,1608, 'M', 'Rómulo Gallegos'),
(98,1608, 'M', 'San Carlos'),
(99,1608, 'M', 'Tinaco'),
(100,1609, 'M', 'Antonio Díaz'),
(101,1609, 'M', 'Casacoima'),
(102,1609, 'M', 'Pedernales'),
(103,1609, 'M', 'Tucupita'),
(104,1610, 'M', 'Acosta'),
(105,1610, 'M', 'Bolívar'),
(106,1610, 'M', 'Buchivacoa'),
(107,1610, 'M', 'Cacique Manaure'),
(108,1610, 'M', 'Carirubana'),
(109,1610, 'M', 'Colina'),
(110,1610, 'M', 'Dabajuro'),
(111,1610, 'M', 'Democracia'),
(112,1610, 'M', 'Falcón'),
(113,1610, 'M', 'Federación'),
(114,1610, 'M', 'Jacura'),
(115,1610, 'M', 'José Laurencio Silva'),
(116,1610, 'M', 'Los Taques'),
(117,1610, 'M', 'Mauroa'),
(118,1610, 'M', 'Miranda'),
(119,1610, 'M', 'Monseñor Iturriza'),
(120,1610, 'M', 'Palmasola'),
(121,1610, 'M', 'Petit'),
(122,1610, 'M', 'Píritu'),
(123,1610, 'M', 'San Francisco'),
(124,1610, 'M', 'Sucre'),
(125,1610, 'M', 'Tocópero'),
(126,1610, 'M', 'Unión'),
(127,1610, 'M', 'Urumaco'),
(128,1610, 'M', 'Zamora'),
(129,1611, 'M', 'Camaguán'),
(130,1611, 'M', 'Chaguaramas'),
(131,1611, 'M', 'El Socorro'),
(132,1611, 'M', 'José Félix Ribas'),
(133,1611, 'M', 'José Tadeo Monagas'),
(134,1611, 'M', 'Juan Germán Roscio'),
(135,1611, 'M', 'Julián Mellado'),
(136,1611, 'M', 'Las Mercedes'),
(137,1611, 'M', 'Leonardo Infante'),
(138,1611, 'M', 'Pedro Zaraza'),
(139,1611, 'M', 'Ortíz'),
(140,1611, 'M', 'San Gerónimo de Guayabal'),
(141,1611, 'M', 'San José de Guaribe'),
(142,1611, 'M', 'Santa María de Ipire'),
(143,1611, 'M', 'Sebastián Francisco de Miranda'),
(144,1612, 'M', 'Andrés Eloy Blanco'),
(145,1612, 'M', 'Crespo'),
(146,1612, 'M', 'Iribarren'),
(147,1612, 'M', 'Jiménez'),
(148,1612, 'M', 'Morán'),
(149,1612, 'M', 'Palavecino'),
(150,1612, 'M', 'Simón Planas'),
(151,1612, 'M', 'Torres'),
(152,1612, 'M', 'Urdaneta'),
(179,1613, 'M', 'Alberto Adriani'),
(180,1613, 'M', 'Andrés Bello'),
(181,1613, 'M', 'Antonio Pinto Salinas'),
(182,1613, 'M', 'Aricagua'),
(183,1613, 'M', 'Arzobispo Chacón'),
(184,1613, 'M', 'Campo Elías'),
(185,1613, 'M', 'Caracciolo Parra Olmedo'),
(186,1613, 'M', 'Cardenal Quintero'),
(187,1613, 'M', 'Guaraque'),
(188,1613, 'M', 'Julio César Salas'),
(189,1613, 'M', 'Justo Briceño'),
(190,1613, 'M', 'Libertador'),
(191,1613, 'M', 'Miranda'),
(192,1613, 'M', 'Obispo Ramos de Lora'),
(193,1613, 'M', 'Padre Noguera'),
(194,1613, 'M', 'Pueblo Llano'),
(195,1613, 'M', 'Rangel'),
(196,1613, 'M', 'Rivas Dávila'),
(197,1613, 'M', 'Santos Marquina'),
(198,1613, 'M', 'Sucre'),
(199,1613, 'M', 'Tovar'),
(200,1613, 'M', 'Tulio Febres Cordero'),
(201,1613, 'M', 'Zea'),
(223,1614, 'M', 'Acevedo'),
(224,1614, 'M', 'Andrés Bello'),
(225,1614, 'M', 'Baruta'),
(226,1614, 'M', 'Brión'),
(227,1614, 'M', 'Buroz'),
(228,1614, 'M', 'Carrizal'),
(229,1614, 'M', 'Chacao'),
(230,1614, 'M', 'Cristóbal Rojas'),
(231,1614, 'M', 'El Hatillo'),
(232,1614, 'M', 'Guaicaipuro'),
(233,1614, 'M', 'Independencia'),
(234,1614, 'M', 'Lander'),
(235,1614, 'M', 'Los Salias'),
(236,1614, 'M', 'Páez'),
(237,1614, 'M', 'Paz Castillo'),
(238,1614, 'M', 'Pedro Gual'),
(239,1614, 'M', 'Plaza'),
(240,1614, 'M', 'Simón Bolívar'),
(241,1614, 'M', 'Sucre'),
(242,1614, 'M', 'Urdaneta'),
(243,1614, 'M', 'Zamora'),
(258,1615, 'M', 'Acosta'),
(259,1615, 'M', 'Aguasay'),
(260,1615, 'M', 'Bolívar'),
(261,1615, 'M', 'Caripe'),
(262,1615, 'M', 'Cedeño'),
(263,1615, 'M', 'Ezequiel Zamora'),
(264,1615, 'M', 'Libertador'),
(265,1615, 'M', 'Maturín'),
(266,1615, 'M', 'Piar'),
(267,1615, 'M', 'Punceres'),
(268,1615, 'M', 'Santa Bárbara'),
(269,1615, 'M', 'Sotillo'),
(270,1615, 'M', 'Uracoa'),
(271,1616, 'M', 'Antolín del Campo'),
(272,1616, 'M', 'Arismendi'),
(273,1616, 'M', 'García'),
(274,1616, 'M', 'Gómez'),
(275,1616, 'M', 'Maneiro'),
(276,1616, 'M', 'Marcano'),
(277,1616, 'M', 'Mariño'),
(278,1616, 'M', 'Península de Macanao'),
(279,1616, 'M', 'Tubores'),
(280,1616, 'M', 'Villalba'),
(281,1616, 'M', 'Díaz'),
(282,1617, 'M', 'Agua Blanca'),
(283,1617, 'M', 'Araure'),
(284,1617, 'M', 'Esteller'),
(285,1617, 'M', 'Guanare'),
(286,1617, 'M', 'Guanarito'),
(287,1617, 'M', 'Monseñor José Vicente de Unda'),
(288,1617, 'M', 'Ospino'),
(289,1617, 'M', 'Páez'),
(290,1617, 'M', 'Papelón'),
(291,1617, 'M', 'San Genaro de Boconoíto'),
(292,1617, 'M', 'San Rafael de Onoto'),
(293,1617, 'M', 'Santa Rosalía'),
(294,1617, 'M', 'Sucre'),
(295,1617, 'M', 'Turén'),
(296,1618, 'M', 'Andrés Eloy Blanco'),
(297,1618, 'M', 'Andrés Mata'),
(298,1618, 'M', 'Arismendi'),
(299,1618, 'M', 'Benítez'),
(300,1618, 'M', 'Bermúdez'),
(301,1618, 'M', 'Bolívar'),
(302,1618, 'M', 'Cajigal'),
(303,1618, 'M', 'Cruz Salmerón Acosta'),
(304,1618, 'M', 'Libertador'),
(305,1618, 'M', 'Mariño'),
(306,1618, 'M', 'Mejía'),
(307,1618, 'M', 'Montes'),
(308,1618, 'M', 'Ribero'),
(309,1618, 'M', 'Sucre'),
(310,1618, 'M', 'Valdéz'),
(341,1619, 'M', 'Andrés Bello'),
(342,1619, 'M', 'Antonio Rómulo Costa'),
(343,1619, 'M', 'Ayacucho'),
(344,1619, 'M', 'Bolívar'),
(345,1619, 'M', 'Cárdenas'),
(346,1619, 'M', 'Córdoba'),
(347,1619, 'M', 'Fernández Feo'),
(348,1619, 'M', 'Francisco de Miranda'),
(349,1619, 'M', 'García de Hevia'),
(350,1619, 'M', 'Guásimos'),
(351,1619, 'M', 'Independencia'),
(352,1619, 'M', 'Jáuregui'),
(353,1619, 'M', 'José María Vargas'),
(354,1619, 'M', 'Junín'),
(355,1619, 'M', 'Libertad'),
(356,1619, 'M', 'Libertador'),
(357,1619, 'M', 'Lobatera'),
(358,1619, 'M', 'Michelena'),
(359,1619, 'M', 'Panamericano'),
(360,1619, 'M', 'Pedro María Ureña'),
(361,1619, 'M', 'Rafael Urdaneta'),
(362,1619, 'M', 'Samuel Darío Maldonado'),
(363,1619, 'M', 'San Cristóbal'),
(364,1619, 'M', 'Seboruco'),
(365,1619, 'M', 'Simón Rodríguez'),
(366,1619, 'M', 'Sucre'),
(367,1619, 'M', 'Torbes'),
(368,1619, 'M', 'Uribante'),
(369,1619, 'M', 'San Judas Tadeo'),
(370,1620, 'M', 'Andrés Bello'),
(371,1620, 'M', 'Boconó'),
(372,1620, 'M', 'Bolívar'),
(373,1620, 'M', 'Candelaria'),
(374,1620, 'M', 'Carache'),
(375,1620, 'M', 'Escuque'),
(376,1620, 'M', 'José Felipe Márquez Cañizalez'),
(377,1620, 'M', 'Juan Vicente Campos Elías'),
(378,1620, 'M', 'La Ceiba'),
(379,1620, 'M', 'Miranda'),
(380,1620, 'M', 'Monte Carmelo'),
(381,1620, 'M', 'Motatán'),
(382,1620, 'M', 'Pampán'),
(383,1620, 'M', 'Pampanito'),
(384,1620, 'M', 'Rafael Rangel'),
(385,1620, 'M', 'San Rafael de Carvajal'),
(386,1620, 'M', 'Sucre'),
(387,1620, 'M', 'Trujillo'),
(388,1620, 'M', 'Urdaneta'),
(389,1620, 'M', 'Valera'),
(390,1621, 'M', 'Vargas'),
(391,1622, 'M', 'Arístides Bastidas'),
(392,1622, 'M', 'Bolívar'),
(407,1622, 'M', 'Bruzual'),
(408,1622, 'M', 'Cocorote'),
(409,1622, 'M', 'Independencia'),
(410,1622, 'M', 'José Antonio Páez'),
(411,1622, 'M', 'La Trinidad'),
(412,1622, 'M', 'Manuel Monge'),
(413,1622, 'M', 'Nirgua'),
(414,1622, 'M', 'Peña'),
(415,1622, 'M', 'San Felipe'),
(416,1622, 'M', 'Sucre'),
(417,1622, 'M', 'Urachiche'),
(418,1622, 'M', 'José Joaquín Veroes'),
(441,1623, 'M', 'Almirante Padilla'),
(442,1623, 'M', 'Baralt'),
(443,1623, 'M', 'Cabimas'),
(444,1623, 'M', 'Catatumbo'),
(445,1623, 'M', 'Colón'),
(446,1623, 'M', 'Francisco Javier Pulgar'),
(447,1623, 'M', 'Páez'),
(448,1623, 'M', 'Jesús Enrique Losada'),
(449,1623, 'M', 'Jesús María Semprún'),
(450,1623, 'M', 'La Cañada de Urdaneta'),
(451,1623, 'M', 'Lagunillas'),
(452,1623, 'M', 'Machiques de Perijá'),
(453,1623, 'M', 'Mara'),
(454,1623, 'M', 'Maracaibo'),
(455,1623, 'M', 'Miranda'),
(456,1623, 'M', 'Rosario de Perijá'),
(457,1623, 'M', 'San Francisco'),
(458,1623, 'M', 'Santa Rita'),
(459,1623, 'M', 'Simón Bolívar'),
(460,1623, 'M', 'Sucre'),
(461,1623, 'M', 'Valmore Rodríguez'),
(462,1624, 'M', 'Libertador');

INSERT INTO lugar (l_id, fk_Lugar, l_tipo, l_nombre ) VALUES
(463, 1,  'P','Alto Orinoco'),
(464, 1,  'P','Huachamacare Acanaña'),
(465, 1,  'P','Marawaka Toky Shamanaña'),
(466, 1,  'P','Mavaka Mavaka'),
(467, 1,  'P','Sierra Parima Parimabé'),
(468, 2,  'P','Ucata Laja Lisa'),
(469, 2,  'P','Yapacana Macuruco'),
(470, 2,  'P','Caname Guarinuma'),
(471, 3,  'P','Fernando Girón Tovar'),
(472, 3,  'P','Luis Alberto Gómez'),
(473, 3,  'P','Pahueña Limón de Parhueña'),
(474, 3,  'P','Platanillal Platanillal'),
(475, 4,  'P','Samariapo'),
(476, 4,  'P','Sipapo'),
(477, 4,  'P','Munduapo'),
(478, 4,  'P','Guayapo'),
(479, 5,  'P','Alto Ventuari'),
(480, 5,  'P','Medio Ventuari'),
(481, 5,  'P','Bajo Ventuari'),
(482, 6,  'P','Victorino'),
(483, 6,  'P','Comunidad'),
(484, 7,  'P','Casiquiare'),
(485, 7,  'P','Cocuy'),
(486, 7,  'P','San Carlos de Río Negro'),
(487, 7,  'P','Solano'),
(488, 8,  'P','Anaco'),
(489, 8,  'P','San Joaquín'),
(490, 9,  'P','Cachipo'),
(491, 9,  'P','Aragua de Barcelona'),
(492, 11, 'P', 'Lechería'),
(493, 11, 'P', 'El Morro'),
(494, 12, 'P', 'Puerto Píritu'),
(495, 12, 'P', 'San Miguel'),
(496, 12, 'P', 'Sucre'),
(497, 13, 'P', 'Valle de Guanape'),
(498, 13, 'P', 'Santa Bárbara'),
(499, 14, 'P', 'El Chaparro'),
(500, 14, 'P', 'Tomás Alfaro'),
(501, 14, 'P', 'Calatrava'),
(502, 15, 'P', 'Guanta'),
(503, 15, 'P', 'Chorrerón'),
(504, 16, 'P', 'Mamo'),
(505, 16, 'P', 'Soledad'),
(506, 17, 'P', 'Mapire'),
(507, 17, 'P', 'Piar'),
(508, 17, 'P', 'Santa Clara'),
(509, 17, 'P', 'San Diego de Cabrutica'),
(510, 17, 'P', 'Uverito'),
(511, 17, 'P', 'Zuata'),
(512, 18, 'P', 'Puerto La Cruz'),
(513, 18, 'P', 'Pozuelos'),
(514, 19, 'P', 'Onoto'),
(515, 19, 'P', 'San Pablo'),
(516, 20, 'P', 'San Mateo'),
(517, 20, 'P', 'El Carito'),
(518, 20, 'P', 'Santa Inés'),
(519, 20, 'P', 'La Romereña'),
(520, 21, 'P', 'Atapirire'),
(521, 21, 'P', 'Boca del Pao'),
(522, 21, 'P', 'El Pao'),
(523, 21, 'P', 'Pariaguán'),
(524, 22, 'P', 'Cantaura'),
(525, 22, 'P', 'Libertador'),
(526, 22, 'P', 'Santa Rosa'),
(527, 22, 'P', 'Urica'),
(528, 23, 'P', 'Píritu'),
(529, 23, 'P', 'San Francisco'),
(530, 24, 'P', 'San José de Guanipa'),
(531, 25, 'P', 'Boca de Uchire'),
(532, 25, 'P', 'Boca de Chávez'),
(533, 26, 'P', 'Pueblo Nuevo'),
(534, 26, 'P', 'Santa Ana'),
(535, 27, 'P', 'Bergantín'),
(536, 27, 'P', 'Caigua'),
(537, 27, 'P', 'El Carmen'),
(538, 27, 'P', 'El Pilar'),
(539, 27, 'P', 'Naricual'),
(540, 27, 'P', 'San Crsitóbal'),
(541, 28, 'P', 'Edmundo Barrios'),
(542, 28, 'P', 'Miguel Otero Silva'),
(543, 29, 'P', 'Achaguas'),
(544, 29, 'P', 'Apurito'),
(545, 29, 'P', 'El Yagual'),
(546, 29, 'P', 'Guachara'),
(547, 29, 'P', 'Mucuritas'),
(548, 29, 'P', 'Queseras del medio'),
(549, 30, 'P', 'Biruaca'),
(550, 31, 'P', 'Bruzual'),
(551, 31, 'P', 'Mantecal'),
(552, 31, 'P', 'Quintero'),
(553, 31, 'P', 'Rincón Hondo'),
(554, 31, 'P', 'San Vicente'),
(555, 32, 'P', 'Guasdualito'),
(556, 32, 'P', 'Aramendi'),
(557, 32, 'P', 'El Amparo'),
(558, 32, 'P', 'San Camilo'),
(559, 32, 'P', 'Urdaneta'),
(560, 33, 'P', 'San Juan de Payara'),
(561, 33, 'P', 'Codazzi'),
(562, 33, 'P', 'Cunaviche'),
(563, 34, 'P', 'Elorza'),
(564, 34, 'P', 'La Trinidad'),
(565, 35, 'P', 'San Fernando'),
(566, 35, 'P', 'El Recreo'),
(567, 35, 'P', 'Peñalver'),
(568, 35, 'P', 'San Rafael de Atamaica'),
(569, 36, 'P', 'Pedro José Ovalles'),
(570, 36, 'P', 'Joaquín Crespo'),
(571, 36, 'P', 'José Casanova Godoy'),
(572, 36, 'P', 'Madre María de San José'),
(573, 36, 'P', 'Andrés Eloy Blanco'),
(574, 36, 'P', 'Los Tacarigua'),
(575, 36, 'P', 'Las Delicias'),
(576, 36, 'P', 'Choroní'),
(577, 37, 'P', 'Bolívar'),
(578, 38, 'P', 'Camatagua'),
(579, 38, 'P', 'Carmen de Cura'),
(580, 39, 'P', 'Santa Rita'),
(581, 39, 'P', 'Francisco de Miranda'),
(582, 39, 'P', 'Moseñor Feliciano González'),
(583, 40, 'P', 'Santa Cruz'),
(584, 41, 'P', 'José Félix Ribas'),
(585, 41, 'P', 'Castor Nieves Ríos'),
(586, 41, 'P', 'Las Guacamayas'),
(587, 41, 'P', 'Pao de Zárate'),
(588, 41, 'P', 'Zuata'),
(589, 42, 'P', 'José Rafael Revenga'),
(590, 43, 'P', 'Palo Negro'),
(591, 43, 'P', 'San Martín de Porres'),
(592, 44, 'P', 'El Limón'),
(593, 44, 'P', 'Caña de Azúcar'),
(594, 45, 'P', 'Ocumare de la Costa'),
(595, 46, 'P', 'San Casimiro'),
(596, 46, 'P', 'Güiripa'),
(597, 46, 'P', 'Ollas de Caramacate'),
(598, 46, 'P', 'Valle Morín'),
(599, 47, 'P', 'San Sebastían'),
(600, 48, 'P', 'Turmero'),
(601, 48, 'P', 'Arevalo Aponte'),
(602, 48, 'P', 'Chuao'),
(603, 48, 'P', 'Samán de Güere'),
(604, 48, 'P', 'Alfredo Pacheco Miranda'),
(605, 49, 'P', 'Santos Michelena'),
(606, 49, 'P', 'Tiara'),
(607, 50, 'P', 'Cagua'),
(608, 50, 'P', 'Bella Vista'),
(609, 51, 'P', 'Tovar'),
(610, 52, 'P', 'Urdaneta'),
(611, 52, 'P', 'Las Peñitas'),
(612, 52, 'P', 'San Francisco de Cara'),
(613, 52, 'P', 'Taguay'),
(614, 53, 'P', 'Zamora'),
(615, 53, 'P', 'Magdaleno'),
(616, 53, 'P', 'San Francisco de Asís'),
(617, 53, 'P', 'Valles de Tucutunemo'),
(618, 53, 'P', 'Augusto Mijares'),
(619, 54, 'P', 'Sabaneta'),
(620, 54, 'P', 'Juan Antonio Rodríguez Domínguez'),
(621, 55, 'P', 'El Cantón'),
(622, 55, 'P', 'Santa Cruz de Guacas'),
(623, 55, 'P', 'Puerto Vivas'),
(624, 56, 'P', 'Ticoporo'),
(625, 56, 'P', 'Nicolás Pulido'),
(626, 56, 'P', 'Andrés Bello'),
(627, 57, 'P', 'Arismendi'),
(628, 57, 'P', 'Guadarrama'),
(629, 57, 'P', 'La Unión'),
(630, 57, 'P', 'San Antonio'),
(631, 58, 'P', 'Barinas'),
(632, 58, 'P', 'Alberto Arvelo Larriva'),
(633, 58, 'P', 'San Silvestre'),
(634, 58, 'P', 'Santa Inés'),
(635, 58, 'P', 'Santa Lucía'),
(636, 58, 'P', 'Torumos'),
(637, 58, 'P', 'El Carmen'),
(638, 58, 'P', 'Rómulo Betancourt'),
(639, 58, 'P', 'Corazón de Jesús'),
(640, 58, 'P', 'Ramón Ignacio Méndez'),
(641, 58, 'P', 'Alto Barinas'),
(642, 58, 'P', 'Manuel Palacio Fajardo'),
(643, 58, 'P', 'Juan Antonio Rodríguez Domínguez'),
(644, 58, 'P', 'Dominga Ortiz de Páez'),
(645, 59, 'P', 'Barinitas'),
(646, 59, 'P', 'Altamira de Cáceres'),
(647, 59, 'P', 'Calderas'),
(648, 60, 'P', 'Barrancas'),
(649, 60, 'P', 'El Socorro'),
(650, 60, 'P', 'Mazparrito'),
(651, 61, 'P', 'Santa Bárbara'),
(652, 61, 'P', 'Pedro Briceño Méndez'),
(653, 61, 'P', 'Ramón Ignacio Méndez'),
(654, 61, 'P', 'José Ignacio del Pumar'),
(655, 62, 'P', 'Obispos'),
(656, 62, 'P', 'Guasimitos'),
(657, 62, 'P', 'El Real'),
(658, 62, 'P', 'La Luz'),
(659, 63, 'P', 'Ciudad Bolívia'),
(660, 63, 'P', 'José Ignacio Briceño'),
(661, 63, 'P', 'José Félix Ribas'),
(662, 63, 'P', 'Páez'),
(663, 64, 'P', 'Libertad'),
(664, 64, 'P', 'Dolores'),
(665, 64, 'P', 'Santa Rosa'),
(666, 64, 'P', 'Palacio Fajardo'),
(667, 65, 'P', 'Ciudad de Nutrias'),
(668, 65, 'P', 'El Regalo'),
(669, 65, 'P', 'Puerto Nutrias'),
(670, 65, 'P', 'Santa Catalina'),
(671, 66, 'P', 'Cachamay'),
(672, 66, 'P', 'Chirica'),
(673, 66, 'P', 'Dalla Costa'),
(674, 66, 'P', 'Once de Abril'),
(675, 66, 'P', 'Simón Bolívar'),
(676, 66, 'P', 'Unare'),
(677, 66, 'P', 'Universidad'),
(678, 66, 'P', 'Vista al Sol'),
(679, 66, 'P', 'Pozo Verde'),
(680, 66, 'P', 'Yocoima'),
(681, 66, 'P', '5 de Julio'),
(682, 67, 'P', 'Cedeño'),
(683, 67, 'P', 'Altagracia'),
(684, 67, 'P', 'Ascensión Farreras'),
(685, 67, 'P', 'Guaniamo'),
(686, 67, 'P', 'La Urbana'),
(687, 67, 'P', 'Pijiguaos'),
(688, 68, 'P', 'El Callao'),
(689, 69, 'P', 'Gran Sabana'),
(690, 69, 'P', 'Ikabarú'),
(691, 70, 'P', 'Catedral'),
(692, 70, 'P', 'Zea'),
(693, 70, 'P', 'Orinoco'),
(694, 70, 'P', 'José Antonio Páez'),
(695, 70, 'P', 'Marhuanta'),
(696, 70, 'P', 'Agua Salada'),
(697, 70, 'P', 'Vista Hermosa'),
(698, 70, 'P', 'La Sabanita'),
(699, 70, 'P', 'Panapana'),
(700, 71, 'P', 'Andrés Eloy Blanco'),
(701, 71, 'P', 'Pedro Cova'),
(702, 72, 'P', 'Raúl Leoni'),
(703, 72, 'P', 'Barceloneta'),
(704, 72, 'P', 'Santa Bárbara'),
(705, 72, 'P', 'San Francisco'),
(706, 73, 'P', 'Roscio'),
(707, 73, 'P', 'Salóm'),
(708, 74, 'P', 'Sifontes'),
(709, 74, 'P', 'Dalla Costa'),
(710, 74, 'P', 'San Isidro'),
(711, 75, 'P', 'Sucre'),
(712, 75, 'P', 'Aripao'),
(713, 75, 'P', 'Guarataro'),
(714, 75, 'P', 'Las Majadas'),
(715, 75, 'P', 'Moitaco'),
(716, 76, 'P', 'Padre Pedro Chien'),
(717, 76, 'P', 'Río Grande'),
(718, 77, 'P', 'Bejuma'),
(719, 77, 'P', 'Canoabo'),
(720, 77, 'P', 'Simón Bolívar'),
(721, 78, 'P', 'Güigüe'),
(722, 78, 'P', 'Carabobo'),
(723, 78, 'P', 'Tacarigua'),
(724, 79, 'P', 'Mariara'),
(725, 79, 'P', 'Aguas Calientes'),
(726, 80, 'P', 'Ciudad Alianza'),
(727, 80, 'P', 'Guacara'),
(728, 80, 'P', 'Yagua'),
(729, 81, 'P', 'Morón'),
(730, 81, 'P', 'Yagua'),
(731, 82, 'P', 'Tocuyito'),
(732, 82, 'P', 'Independencia'),
(733, 83, 'P', 'Los Guayos'),
(734, 84, 'P', 'Miranda'),
(735, 85, 'P', 'Montalbán'),
(736, 86, 'P', 'Naguanagua'),
(737, 87, 'P', 'Bartolomé Salóm'),
(738, 87, 'P', 'Democracia'),
(739, 87, 'P', 'Fraternidad'),
(740, 87, 'P', 'Goaigoaza'),
(741, 87, 'P', 'Juan José Flores'),
(742, 87, 'P', 'Unión'),
(743, 87, 'P', 'Borburata'),
(744, 87, 'P', 'Patanemo'),
(745, 88, 'P', 'San Diego'),
(746, 89, 'P', 'San Joaquín'),
(747, 90, 'P', 'Candelaria'),
(748, 90, 'P', 'Catedral'),
(749, 90, 'P', 'El Socorro'),
(750, 90, 'P', 'Miguel Peña'),
(751, 90, 'P', 'Rafael Urdaneta'),
(752, 90, 'P', 'San Blas'),
(753, 90, 'P', 'San José'),
(754, 90, 'P', 'Santa Rosa'),
(755, 90, 'P', 'Negro Primero'),
(756, 91, 'P', 'Cojedes'),
(757, 91, 'P', 'Juan de Mata Suárez'),
(758, 92, 'P', 'Tinaquillo'),
(759, 93, 'P', 'El Baúl'),
(760, 93, 'P', 'Sucre'),
(761, 94, 'P', 'La Aguadita'),
(762, 94, 'P', 'Macapo'),
(763, 95, 'P', 'El Pao'),
(764, 96, 'P', 'El Amparo'),
(765, 96, 'P', 'Libertad de Cojedes'),
(766, 97, 'P', 'Rómulo Gallegos'),
(767, 98, 'P', 'San Carlos de Austria'),
(768, 98, 'P', 'Juan Ángel Bravo'),
(769, 98, 'P', 'Manuel Manrique'),
(770, 99, 'P', 'General en Jefe José Laurencio Silva'),
(771, 100, 'P', 'Curiapo'),
(772, 100, 'P', 'Almirante Luis Brión'),
(773, 100, 'P', 'Francisco Aniceto Lugo'),
(774, 100, 'P', 'Manuel Renaud'),
(775, 100, 'P', 'Padre Barral'),
(776, 100, 'P', 'Santos de Abelgas'),
(777, 101, 'P', 'Imataca'),
(778, 101, 'P', 'Cinco de Julio'),
(779, 101, 'P', 'Juan Bautista Arismendi'),
(780, 101, 'P', 'Manuel Piar'),
(781, 101, 'P', 'Rómulo Gallegos'),
(782, 102, 'P', 'Pedernales'),
(783, 102, 'P', 'Luis Beltrán Prieto Figueroa'),
(784, 103, 'P', 'San José (Delta Amacuro)'),
(785, 103, 'P', 'José Vidal Marcano'),
(786, 103, 'P', 'Juan Millán'),
(787, 103, 'P', 'Leonardo Ruíz Pineda'),
(788, 103, 'P', 'Mariscal Antonio José de Sucre'),
(789, 103, 'P', 'Monseñor Argimiro García'),
(790, 103, 'P', 'San Rafael (Delta Amacuro)'),
(791, 103, 'P', 'Virgen del Valle'),
(792, 10,  'P','Clarines'),
(793, 10,  'P','Guanape'),
(794, 10,  'P','Sabana de Uchire'),
(795, 104, 'P', 'Capadare'),
(796, 104, 'P', 'La Pastora'),
(797, 104, 'P', 'Libertador'),
(798, 104, 'P', 'San Juan de los Cayos'),
(799, 105, 'P', 'Aracua'),
(800, 105, 'P', 'La Peña'),
(801, 105, 'P', 'San Luis'),
(802, 106, 'P', 'Bariro'),
(803, 106, 'P', 'Borojó'),
(804, 106, 'P', 'Capatárida'),
(805, 106, 'P', 'Guajiro'),
(806, 106, 'P', 'Seque'),
(807, 106, 'P', 'Zazárida'),
(808, 106, 'P', 'Valle de Eroa'),
(809, 107, 'P', 'Cacique Manaure'),
(810, 108, 'P', 'Norte'),
(811, 108, 'P', 'Carirubana'),
(812, 108, 'P', 'Santa Ana'),
(813, 108, 'P', 'Urbana Punta Cardón'),
(814, 109, 'P', 'La Vela de Coro'),
(815, 109, 'P', 'Acurigua'),
(816, 109, 'P', 'Guaibacoa'),
(817, 109, 'P', 'Las Calderas'),
(818, 109, 'P', 'Macoruca'),
(819, 110, 'P', 'Dabajuro'),
(820, 111, 'P', 'Agua Clara'),
(821, 111, 'P', 'Avaria'),
(822, 111, 'P', 'Pedregal'),
(823, 111, 'P', 'Piedra Grande'),
(824, 111, 'P', 'Purureche'),
(825, 112, 'P', 'Adaure'),
(826, 112, 'P', 'Adícora'),
(827, 112, 'P', 'Baraived'),
(828, 112, 'P', 'Buena Vista'),
(829, 112, 'P', 'Jadacaquiva'),
(830, 112, 'P', 'El Vínculo'),
(831, 112, 'P', 'El Hato'),
(832, 112, 'P', 'Moruy'),
(833, 112, 'P', 'Pueblo Nuevo'),
(834, 113, 'P', 'Agua Larga'),
(835, 113, 'P', 'El Paují'),
(836, 113, 'P', 'Independencia'),
(837, 113, 'P', 'Mapararí'),
(838, 114, 'P', 'Agua Linda'),
(839, 114, 'P', 'Araurima'),
(840, 114, 'P', 'Jacura'),
(841, 115, 'P', 'Tucacas'),
(842, 115, 'P', 'Boca de Aroa'),
(843, 116, 'P', 'Los Taques'),
(844, 116, 'P', 'Judibana'),
(845, 117, 'P', 'Mene de Mauroa'),
(846, 117, 'P', 'San Félix'),
(847, 117, 'P', 'Casigua'),
(848, 118, 'P', 'Guzmán Guillermo'),
(849, 118, 'P', 'Mitare'),
(850, 118, 'P', 'Río Seco'),
(851, 118, 'P', 'Sabaneta'),
(852, 118, 'P', 'San Antonio'),
(853, 118, 'P', 'San Gabriel'),
(854, 118, 'P', 'Santa Ana'),
(855, 119, 'P', 'Boca del Tocuyo'),
(856, 119, 'P', 'Chichiriviche'),
(857, 119, 'P', 'Tocuyo de la Costa'),
(858, 120, 'P', 'Palmasola'),
(859, 121, 'P', 'Cabure'),
(860, 121, 'P', 'Colina'),
(861, 121, 'P', 'Curimagua'),
(862, 122, 'P', 'San José de la Costa'),
(863, 122, 'P', 'Píritu'),
(864, 123, 'P', 'San Francisco'),
(865, 124, 'P', 'Sucre'),
(866, 124, 'P', 'Pecaya'),
(867, 125, 'P', 'Tocópero'),
(868, 126, 'P', 'El Charal'),
(869, 126, 'P', 'Las Vegas del Tuy'),
(870, 126, 'P', 'Santa Cruz de Bucaral'),
(871, 127, 'P', 'Bruzual'),
(872, 127, 'P', 'Urumaco'),
(873, 128, 'P', 'Puerto Cumarebo'),
(874, 128, 'P', 'La Ciénaga'),
(875, 128, 'P', 'La Soledad'),
(876, 128, 'P', 'Pueblo Cumarebo'),
(877, 128, 'P', 'Zazárida'),
(878, 113, 'P', 'Churuguara'),
(879, 129, 'P', 'Camaguán'),
(880, 129, 'P', 'Puerto Miranda'),
(881, 129, 'P', 'Uverito'),
(882, 130, 'P', 'Chaguaramas'),
(883, 131, 'P', 'El Socorro'),
(884, 132, 'P', 'Tucupido'),
(885, 132, 'P', 'San Rafael de Laya'),
(886, 133, 'P', 'Altagracia de Orituco'),
(887, 133, 'P', 'San Rafael de Orituco'),
(888, 133, 'P', 'San Francisco Javier de Lezama'),
(889, 133, 'P', 'Paso Real de Macaira'),
(890, 133, 'P', 'Carlos Soublette'),
(891, 133, 'P', 'San Francisco de Macaira'),
(892, 133, 'P', 'Libertad de Orituco'),
(893, 134, 'P', 'Cantaclaro'),
(894, 134, 'P', 'San Juan de los Morros'),
(895, 134, 'P', 'Parapara'),
(896, 135, 'P', 'El Sombrero'),
(897, 135, 'P', 'Sosa'),
(898, 136, 'P', 'Las Mercedes'),
(899, 136, 'P', 'Cabruta'),
(900, 136, 'P', 'Santa Rita de Manapire'),
(901, 137, 'P', 'Valle de la Pascua'),
(902, 137, 'P', 'Espino'),
(903, 138, 'P', 'San José de Unare'),
(904, 138, 'P', 'Zaraza'),
(905, 139, 'P', 'San José de Tiznados'),
(906, 139, 'P', 'San Francisco de Tiznados'),
(907, 139, 'P', 'San Lorenzo de Tiznados'),
(908, 139, 'P', 'Ortiz'),
(909, 140, 'P', 'Guayabal'),
(910, 140, 'P', 'Cazorla'),
(911, 141, 'P', 'San José de Guaribe'),
(912, 141, 'P', 'Uveral'),
(913, 142, 'P', 'Santa María de Ipire'),
(914, 142, 'P', 'Altamira'),
(915, 143, 'P', 'El Calvario'),
(916, 143, 'P', 'El Rastro'),
(917, 143, 'P', 'Guardatinajas'),
(918, 143, 'P', 'Capital Urbana Calabozo'),
(919, 144, 'P', 'Quebrada Honda de Guache'),
(920, 144, 'P', 'Pío Tamayo'),
(921, 144, 'P', 'Yacambú'),
(922, 145, 'P', 'Fréitez'),
(923, 145, 'P', 'José María Blanco'),
(924, 146, 'P', 'Catedral'),
(925, 146, 'P', 'Concepción'),
(926, 146, 'P', 'El Cují'),
(927, 146, 'P', 'Juan de Villegas'),
(928, 146, 'P', 'Santa Rosa'),
(929, 146, 'P', 'Tamaca'),
(930, 146, 'P', 'Unión'),
(931, 146, 'P', 'Aguedo Felipe Alvarado'),
(932, 146, 'P', 'Buena Vista'),
(933, 146, 'P', 'Juárez'),
(934, 147, 'P', 'Juan Bautista Rodríguez'),
(935, 147, 'P', 'Cuara'),
(936, 147, 'P', 'Diego de Lozada'),
(937, 147, 'P', 'Paraíso de San José'),
(938, 147, 'P', 'San Miguel'),
(939, 147, 'P', 'Tintorero'),
(940, 147, 'P', 'José Bernardo Dorante'),
(941, 147, 'P', 'Coronel Mariano Peraza '),
(942, 148, 'P', 'Bolívar'),
(943, 148, 'P', 'Anzoátegui'),
(944, 148, 'P', 'Guarico'),
(945, 148, 'P', 'Hilario Luna y Luna'),
(946, 148, 'P', 'Humocaro Alto'),
(947, 148, 'P', 'Humocaro Bajo'),
(948, 148, 'P', 'La Candelaria'),
(949, 148, 'P', 'Morán'),
(950, 149, 'P', 'Cabudare'),
(951, 149, 'P', 'José Gregorio Bastidas'),
(952, 149, 'P', 'Agua Viva'),
(953, 150, 'P', 'Sarare'),
(954, 150, 'P', 'Buría'),
(955, 150, 'P', 'Gustavo Vegas León'),
(956, 151, 'P', 'Trinidad Samuel'),
(957, 151, 'P', 'Antonio Díaz'),
(958, 151, 'P', 'Camacaro'),
(959, 151, 'P', 'Castañeda'),
(960, 151, 'P', 'Cecilio Zubillaga'),
(961, 151, 'P', 'Chiquinquirá'),
(962, 151, 'P', 'El Blanco'),
(963, 151, 'P', 'Espinoza de los Monteros'),
(964, 151, 'P', 'Lara'),
(965, 151, 'P', 'Las Mercedes'),
(966, 151, 'P', 'Manuel Morillo'),
(967, 151, 'P', 'Montaña Verde'),
(968, 151, 'P', 'Montes de Oca'),
(969, 151, 'P', 'Torres'),
(970, 151, 'P', 'Heriberto Arroyo'),
(971, 151, 'P', 'Reyes Vargas'),
(972, 151, 'P', 'Altagracia'),
(973, 152, 'P', 'Siquisique'),
(974, 152, 'P', 'Moroturo'),
(975, 152, 'P', 'San Miguel'),
(976, 152, 'P', 'Xaguas'),
(977, 179, 'P', 'Presidente Betancourt'),
(978, 179, 'P', 'Presidente Páez'),
(979, 179, 'P', 'Presidente Rómulo Gallegos'),
(980, 179, 'P', 'Gabriel Picón González'),
(981, 179, 'P', 'Héctor Amable Mora'),
(982, 179, 'P', 'José Nucete Sardi'),
(983, 179, 'P', 'Pulido Méndez'),
(984, 180, 'P', 'La Azulita'),
(985, 181, 'P', 'Santa Cruz de Mora'),
(986, 181, 'P', 'Mesa Bolívar'),
(987, 181, 'P', 'Mesa de Las Palmas'),
(988, 182, 'P', 'Aricagua'),
(989, 182, 'P', 'San Antonio'),
(990, 183, 'P', 'Canagua'),
(991, 183, 'P', 'Capurí'),
(992, 183, 'P', 'Chacantá'),
(993, 183, 'P', 'El Molino'),
(994, 183, 'P', 'Guaimaral'),
(995, 183, 'P', 'Mucutuy'),
(996, 183, 'P', 'Mucuchachí'),
(997, 184, 'P', 'Fernández Peña'),
(998, 184, 'P', 'Matriz'),
(999, 184, 'P', 'Montalbán'),
(1000, 184, 'P', 'Acequias'),
(1001, 184, 'P', 'Jají'),
(1002, 184, 'P', 'La Mesa'),
(1003, 184, 'P', 'San José del Sur'),
(1004, 185, 'P', 'Tucaní'),
(1005, 185, 'P', 'Florencio Ramírez'),
(1006, 186, 'P', 'Santo Domingo'),
(1007, 186, 'P', 'Las Piedras'),
(1008, 187, 'P', 'Guaraque'),
(1009, 187, 'P', 'Mesa de Quintero'),
(1010, 187, 'P', 'Río Negro'),
(1011, 188, 'P', 'Arapuey'),
(1012, 188, 'P', 'Palmira'),
(1013, 189, 'P', 'San Cristóbal de Torondoy'),
(1014, 189, 'P', 'Torondoy'),
(1015, 190, 'P', 'Antonio Spinetti Dini'),
(1016, 190, 'P', 'Arias'),
(1017, 190, 'P', 'Caracciolo Parra Pérez'),
(1018, 190, 'P', 'Domingo Peña'),
(1019, 190, 'P', 'El Llano'),
(1020, 190, 'P', 'Gonzalo Picón Febres'),
(1021, 190, 'P', 'Jacinto Plaza'),
(1022, 190, 'P', 'Juan Rodríguez Suárez'),
(1023, 190, 'P', 'Lasso de la Vega'),
(1024, 190, 'P', 'Mariano Picón Salas'),
(1025, 190, 'P', 'Milla'),
(1026, 190, 'P', 'Osuna Rodríguez'),
(1027, 190, 'P', 'Sagrario'),
(1028, 190, 'P', 'El Morro'),
(1029, 190, 'P', 'Los Nevados'),
(1030, 191, 'P', 'Andrés Eloy Blanco'),
(1031, 191, 'P', 'La Venta'),
(1032, 191, 'P', 'Piñango'),
(1033, 191, 'P', 'Timotes'),
(1034, 192, 'P', 'Eloy Paredes'),
(1035, 192, 'P', 'San Rafael de Alcázar'),
(1036, 192, 'P', 'Santa Elena de Arenales'),
(1037, 193, 'P', 'Santa María de Caparo'),
(1038, 194, 'P', 'Pueblo Llano'),
(1039, 195, 'P', 'Cacute'),
(1040, 195, 'P', 'La Toma'),
(1041, 195, 'P', 'Mucuchíes'),
(1042, 195, 'P', 'Mucurubá'),
(1043, 195, 'P', 'San Rafael'),
(1044, 196, 'P', 'Gerónimo Maldonado'),
(1045, 196, 'P', 'Bailadores'),
(1046, 197, 'P', 'Tabay'),
(1047, 198, 'P', 'Chiguará'),
(1048, 198, 'P', 'Estánquez'),
(1049, 198, 'P', 'Lagunillas'),
(1050, 198, 'P', 'La Trampa'),
(1051, 198, 'P', 'Pueblo Nuevo del Sur'),
(1052, 198, 'P', 'San Juan'),
(1053, 199, 'P', 'El Amparo'),
(1054, 199, 'P', 'El Llano'),
(1055, 199, 'P', 'San Francisco'),
(1056, 199, 'P', 'Tovar'),
(1057, 200, 'P', 'Independencia'),
(1058, 200, 'P', 'María de la Concepción Palacios Blanco'),
(1059, 200, 'P', 'Nueva Bolivia'),
(1060, 200, 'P', 'Santa Apolonia'),
(1061, 201, 'P', 'Caño El Tigre'),
(1062, 201, 'P', 'Zea'),
(1063, 223, 'P', 'Aragüita'),
(1064, 223, 'P', 'Arévalo González'),
(1065, 223, 'P', 'Capaya'),
(1066, 223, 'P', 'Caucagua'),
(1067, 223, 'P', 'Panaquire'),
(1068, 223, 'P', 'Ribas'),
(1069, 223, 'P', 'El Café'),
(1070, 223, 'P', 'Marizapa'),
(1071, 224, 'P', 'Cumbo'),
(1072, 224, 'P', 'San José de Barlovento'),
(1073, 225, 'P', 'El Cafetal'),
(1074, 225, 'P', 'Las Minas'),
(1075, 225, 'P', 'Nuestra Señora del Rosario'),
(1076, 226, 'P', 'Higuerote'),
(1077, 226, 'P', 'Curiepe'),
(1078, 226, 'P', 'Tacarigua de Brión'),
(1079, 227, 'P', 'Mamporal'),
(1080, 228, 'P', 'Carrizal'),
(1081, 229, 'P', 'Chacao'),
(1082, 230, 'P', 'Charallave'),
(1083, 230, 'P', 'Las Brisas'),
(1084, 231, 'P', 'El Hatillo'),
(1085, 232, 'P', 'Altagracia de la Montaña'),
(1086, 232, 'P', 'Cecilio Acosta'),
(1087, 232, 'P', 'Los Teques'),
(1088, 232, 'P', 'El Jarillo'),
(1089, 232, 'P', 'San Pedro'),
(1090, 232, 'P', 'Tácata'),
(1091, 232, 'P', 'Paracotos'),
(1092, 233, 'P', 'Cartanal'),
(1093, 233, 'P', 'Santa Teresa del Tuy'),
(1094, 234, 'P', 'La Democracia'),
(1095, 234, 'P', 'Ocumare del Tuy'),
(1096, 234, 'P', 'Santa Bárbara'),
(1097, 235, 'P', 'San Antonio de los Altos'),
(1098, 236, 'P', 'Río Chico'),
(1099, 236, 'P', 'El Guapo'),
(1100, 236, 'P', 'Tacarigua de la Laguna'),
(1101, 236, 'P', 'Paparo'),
(1102, 236, 'P', 'San Fernando del Guapo'),
(1103, 237, 'P', 'Santa Lucía del Tuy'),
(1104, 238, 'P', 'Cúpira'),
(1105, 238, 'P', 'Machurucuto'),
(1106, 239, 'P', 'Guarenas'),
(1107, 240, 'P', 'San Antonio de Yare'),
(1108, 240, 'P', 'San Francisco de Yare'),
(1109, 241, 'P', 'Leoncio Martínez'),
(1110, 241, 'P', 'Petare'),
(1111, 241, 'P', 'Caucagüita'),
(1112, 241, 'P', 'Filas de Mariche'),
(1113, 241, 'P', 'La Dolorita'),
(1114, 242, 'P', 'Cúa'),
(1115, 242, 'P', 'Nueva Cúa'),
(1116, 243, 'P', 'Guatire'),
(1117, 243, 'P', 'Bolívar'),
(1118, 258, 'P', 'San Antonio de Maturín'),
(1119, 258, 'P', 'San Francisco de Maturín'),
(1120, 259, 'P', 'Aguasay'),
(1121, 260, 'P', 'Caripito'),
(1122, 261, 'P', 'El Guácharo'),
(1123, 261, 'P', 'La Guanota'),
(1124, 261, 'P', 'Sabana de Piedra'),
(1125, 261, 'P', 'San Agustín'),
(1126, 261, 'P', 'Teresen'),
(1127, 261, 'P', 'Caripe'),
(1128, 262, 'P', 'Areo'),
(1129, 262, 'P', 'Capital Cedeño'),
(1130, 262, 'P', 'San Félix de Cantalicio'),
(1131, 262, 'P', 'Viento Fresco'),
(1132, 263, 'P', 'El Tejero'),
(1133, 263, 'P', 'Punta de Mata'),
(1134, 264, 'P', 'Chaguaramas'),
(1135, 264, 'P', 'Las Alhuacas'),
(1136, 264, 'P', 'Tabasca'),
(1137, 264, 'P', 'Temblador'),
(1138, 265, 'P', 'Alto de los Godos'),
(1139, 265, 'P', 'Boquerón'),
(1140, 265, 'P', 'Las Cocuizas'),
(1141, 265, 'P', 'La Cruz'),
(1142, 265, 'P', 'San Simón'),
(1143, 265, 'P', 'El Corozo'),
(1144, 265, 'P', 'El Furrial'),
(1145, 265, 'P', 'Jusepín'),
(1146, 265, 'P', 'La Pica'),
(1147, 265, 'P', 'San Vicente'),
(1148, 266, 'P', 'Aparicio'),
(1149, 266, 'P', 'Aragua de Maturín'),
(1150, 266, 'P', 'Chaguamal'),
(1151, 266, 'P', 'El Pinto'),
(1152, 266, 'P', 'Guanaguana'),
(1153, 266, 'P', 'La Toscana'),
(1154, 266, 'P', 'Taguaya'),
(1155, 267, 'P', 'Cachipo'),
(1156, 267, 'P', 'Quiriquire'),
(1157, 268, 'P', 'Santa Bárbara'),
(1158, 269, 'P', 'Barrancas'),
(1159, 269, 'P', 'Los Barrancos de Fajardo'),
(1160, 270, 'P', 'Uracoa'),
(1161, 271, 'P', 'Antolín del Campo'),
(1162, 272, 'P', 'Arismendi'),
(1163, 273, 'P', 'García'),
(1164, 273, 'P', 'Francisco Fajardo'),
(1165, 274, 'P', 'Bolívar'),
(1166, 274, 'P', 'Guevara'),
(1167, 274, 'P', 'Matasiete'),
(1168, 274, 'P', 'Santa Ana'),
(1169, 274, 'P', 'Sucre'),
(1170, 275, 'P', 'Aguirre'),
(1171, 275, 'P', 'Maneiro'),
(1172, 276, 'P', 'Adrián'),
(1173, 276, 'P', 'Juan Griego'),
(1174, 276, 'P', 'Yaguaraparo'),
(1175, 277, 'P', 'Porlamar'),
(1176, 278, 'P', 'San Francisco de Macanao'),
(1177, 278, 'P', 'Boca de Río'),
(1178, 279, 'P', 'Tubores'),
(1179, 279, 'P', 'Los Baleales'),
(1180, 280, 'P', 'Vicente Fuentes'),
(1181, 280, 'P', 'Villalba'),
(1182, 281, 'P', 'San Juan Bautista'),
(1183, 281, 'P', 'Zabala'),
(1184, 283, 'P', 'Capital Araure'),
(1185, 283, 'P', 'Río Acarigua'),
(1186, 284, 'P', 'Capital Esteller'),
(1187, 284, 'P', 'Uveral'),
(1188, 285, 'P', 'Guanare'),
(1189, 285, 'P', 'Córdoba'),
(1190, 285, 'P', 'San José de la Montaña'),
(1191, 285, 'P', 'San Juan de Guanaguanare'),
(1192, 285, 'P', 'Virgen de la Coromoto'),
(1193, 286, 'P', 'Guanarito'),
(1194, 286, 'P', 'Trinidad de la Capilla'),
(1195, 286, 'P', 'Divina Pastora'),
(1196, 287, 'P', 'Monseñor José Vicente de Unda'),
(1197, 287, 'P', 'Peña Blanca'),
(1198, 288, 'P', 'Capital Ospino'),
(1199, 288, 'P', 'Aparición'),
(1200, 288, 'P', 'La Estación'),
(1201, 289, 'P', 'Páez'),
(1202, 289, 'P', 'Payara'),
(1203, 289, 'P', 'Pimpinela'),
(1204, 289, 'P', 'Ramón Peraza'),
(1205, 290, 'P', 'Papelón'),
(1206, 290, 'P', 'Caño Delgadito'),
(1207, 291, 'P', 'San Genaro de Boconoito'),
(1208, 291, 'P', 'Antolín Tovar'),
(1209, 292, 'P', 'San Rafael de Onoto'),
(1210, 292, 'P', 'Santa Fe'),
(1211, 292, 'P', 'Thermo Morles'),
(1212, 293, 'P', 'Santa Rosalía'),
(1213, 293, 'P', 'Florida'),
(1214, 294, 'P', 'Sucre'),
(1215, 294, 'P', 'Concepción'),
(1216, 294, 'P', 'San Rafael de Palo Alzado'),
(1217, 294, 'P', 'Uvencio Antonio Velásquez'),
(1218, 294, 'P', 'San José de Saguaz'),
(1219, 294, 'P', 'Villa Rosa'),
(1220, 295, 'P', 'Turén'),
(1221, 295, 'P', 'Canelones'),
(1222, 295, 'P', 'Santa Cruz'),
(1223, 295, 'P', 'San Isidro Labrador'),
(1224, 296, 'P', 'Mariño'),
(1225, 296, 'P', 'Rómulo Gallegos'),
(1226, 297, 'P', 'San José de Aerocuar'),
(1227, 297, 'P', 'Tavera Acosta'),
(1228, 298, 'P', 'Río Caribe'),
(1229, 298, 'P', 'Antonio José de Sucre'),
(1230, 298, 'P', 'El Morro de Puerto Santo'),
(1231, 298, 'P', 'Puerto Santo'),
(1232, 298, 'P', 'San Juan de las Galdonas'),
(1233, 299, 'P', 'El Pilar'),
(1234, 299, 'P', 'El Rincón'),
(1235, 299, 'P', 'General Francisco Antonio Váquez'),
(1236, 299, 'P', 'Guaraúnos'),
(1237, 299, 'P', 'Tunapuicito'),
(1238, 299, 'P', 'Unión'),
(1239, 300, 'P', 'Santa Catalina'),
(1240, 300, 'P', 'Santa Rosa'),
(1241, 300, 'P', 'Santa Teresa'),
(1242, 300, 'P', 'Bolívar'),
(1243, 300, 'P', 'Maracapana'),
(1244, 302, 'P', 'Libertad'),
(1245, 302, 'P', 'El Paujil'),
(1246, 302, 'P', 'Yaguaraparo'),
(1247, 303, 'P', 'Cruz Salmerón Acosta'),
(1248, 303, 'P', 'Chacopata'),
(1249, 303, 'P', 'Manicuare'),
(1250, 304, 'P', 'Tunapuy'),
(1251, 304, 'P', 'Campo Elías'),
(1252, 305, 'P', 'Irapa'),
(1253, 305, 'P', 'Campo Claro'),
(1254, 305, 'P', 'Maraval'),
(1255, 305, 'P', 'San Antonio de Irapa'),
(1256, 305, 'P', 'Soro'),
(1257, 306, 'P', 'Mejía'),
(1258, 307, 'P', 'Cumanacoa'),
(1259, 307, 'P', 'Arenas'),
(1260, 307, 'P', 'Aricagua'),
(1261, 307, 'P', 'Cogollar'),
(1262, 307, 'P', 'San Fernando'),
(1263, 307, 'P', 'San Lorenzo'),
(1264, 308, 'P', 'Villa Frontado (Muelle de Cariaco)'),
(1265, 308, 'P', 'Catuaro'),
(1266, 308, 'P', 'Rendón'),
(1267, 308, 'P', 'San Cruz'),
(1268, 308, 'P', 'Santa María'),
(1269, 309, 'P', 'Altagracia'),
(1270, 309, 'P', 'Santa Inés'),
(1271, 309, 'P', 'Valentín Valiente'),
(1272, 309, 'P', 'Ayacucho'),
(1273, 309, 'P', 'San Juan'),
(1274, 309, 'P', 'Raúl Leoni'),
(1275, 309, 'P', 'Gran Mariscal'),
(1276, 310, 'P', 'Cristóbal Colón'),
(1277, 310, 'P', 'Bideau'),
(1278, 310, 'P', 'Punta de Piedras'),
(1279, 310, 'P', 'Güiria'),
(1280, 341, 'P', 'Andrés Bello'),
(1281, 342, 'P', 'Antonio Rómulo Costa'),
(1282, 343, 'P', 'Ayacucho'),
(1283, 343, 'P', 'Rivas Berti'),
(1284, 343, 'P', 'San Pedro del Río'),
(1285, 344, 'P', 'Bolívar'),
(1286, 344, 'P', 'Palotal'),
(1287, 344, 'P', 'General Juan Vicente Gómez'),
(1288, 344, 'P', 'Isaías Medina Angarita'),
(1289, 345, 'P', 'Cárdenas'),
(1290, 345, 'P', 'Amenodoro Ángel Lamus'),
(1291, 345, 'P', 'La Florida'),
(1292, 346, 'P', 'Córdoba'),
(1293, 347, 'P', 'Fernández Feo'),
(1294, 347, 'P', 'Alberto Adriani'),
(1295, 347, 'P', 'Santo Domingo'),
(1296, 348, 'P', 'Francisco de Miranda'),
(1297, 349, 'P', 'García de Hevia'),
(1298, 349, 'P', 'Boca de Grita'),
(1299, 349, 'P', 'José Antonio Páez'),
(1300, 350, 'P', 'Guásimos'),
(1301, 351, 'P', 'Independencia'),
(1302, 351, 'P', 'Juan Germán Roscio'),
(1303, 351, 'P', 'Román Cárdenas'),
(1304, 352, 'P', 'Jáuregui'),
(1305, 352, 'P', 'Emilio Constantino Guerrero'),
(1306, 352, 'P', 'Monseñor Miguel Antonio Salas'),
(1307, 353, 'P', 'José María Vargas'),
(1308, 354, 'P', 'Junín'),
(1309, 354, 'P', 'La Petrólea'),
(1310, 354, 'P', 'Quinimarí'),
(1311, 354, 'P', 'Bramón'),
(1312, 355, 'P', 'Libertad'),
(1313, 355, 'P', 'Cipriano Castro'),
(1314, 355, 'P', 'Manuel Felipe Rugeles'),
(1315, 356, 'P', 'Libertador'),
(1316, 356, 'P', 'Doradas'),
(1317, 356, 'P', 'Emeterio Ochoa'),
(1318, 356, 'P', 'San Joaquín de Navay'),
(1319, 357, 'P', 'Lobatera'),
(1320, 357, 'P', 'Constitución'),
(1321, 358, 'P', 'Michelena'),
(1322, 359, 'P', 'Panamericano'),
(1323, 359, 'P', 'La Palmita'),
(1324, 360, 'P', 'Pedro María Ureña'),
(1325, 360, 'P', 'Nueva Arcadia'),
(1326, 361, 'P', 'Delicias'),
(1327, 361, 'P', 'Pecaya'),
(1328, 362, 'P', 'Samuel Darío Maldonado'),
(1329, 362, 'P', 'Boconó'),
(1330, 362, 'P', 'Hernández'),
(1331, 363, 'P', 'La Concordia'),
(1332, 363, 'P', 'San Juan Bautista'),
(1333, 363, 'P', 'Pedro María Morantes'),
(1334, 363, 'P', 'San Sebastián'),
(1335, 363, 'P', 'Dr. Francisco Romero Lobo'),
(1336, 364, 'P', 'Seboruco'),
(1337, 365, 'P', 'Simón Rodríguez'),
(1338, 366, 'P', 'Sucre'),
(1339, 366, 'P', 'Eleazar López Contreras'),
(1340, 366, 'P', 'San Pablo'),
(1341, 367, 'P', 'Torbes'),
(1342, 368, 'P', 'Uribante'),
(1343, 368, 'P', 'Cárdenas'),
(1344, 368, 'P', 'Juan Pablo Peñalosa'),
(1345, 368, 'P', 'Potosí'),
(1346, 369, 'P', 'San Judas Tadeo'),
(1347, 370, 'P', 'Araguaney'),
(1348, 370, 'P', 'El Jaguito'),
(1349, 370, 'P', 'La Esperanza'),
(1350, 370, 'P', 'Santa Isabel'),
(1351, 371, 'P', 'Boconó'),
(1352, 371, 'P', 'El Carmen'),
(1353, 371, 'P', 'Mosquey'),
(1354, 371, 'P', 'Ayacucho'),
(1355, 371, 'P', 'Burbusay'),
(1356, 371, 'P', 'General Ribas'),
(1357, 371, 'P', 'Guaramacal'),
(1358, 371, 'P', 'Vega de Guaramacal'),
(1359, 371, 'P', 'Monseñor Jáuregui'),
(1360, 371, 'P', 'Rafael Rangel'),
(1361, 371, 'P', 'San Miguel'),
(1362, 371, 'P', 'San José'),
(1363, 372, 'P', 'Sabana Grande'),
(1364, 372, 'P', 'Cheregüé'),
(1365, 372, 'P', 'Granados'),
(1366, 373, 'P', 'Arnoldo Gabaldón'),
(1367, 373, 'P', 'Bolivia'),
(1368, 373, 'P', 'Carrillo'),
(1369, 373, 'P', 'Cegarra'),
(1370, 373, 'P', 'Chejendé'),
(1371, 373, 'P', 'Manuel Salvador Ulloa'),
(1372, 373, 'P', 'San José'),
(1373, 374, 'P', 'Carache'),
(1374, 374, 'P', 'La Concepción'),
(1375, 374, 'P', 'Cuicas'),
(1376, 374, 'P', 'Panamericana'),
(1377, 374, 'P', 'Santa Cruz'),
(1378, 375, 'P', 'Escuque'),
(1379, 375, 'P', 'La Unión'),
(1380, 375, 'P', 'Santa Rita'),
(1381, 375, 'P', 'Sabana Libre'),
(1382, 376, 'P', 'El Socorro'),
(1383, 376, 'P', 'Los Caprichos'),
(1384, 376, 'P', 'Antonio José de Sucre'),
(1385, 377, 'P', 'Campo Elías'),
(1386, 377, 'P', 'Arnoldo Gabaldón'),
(1387, 378, 'P', 'Santa Apolonia'),
(1388, 378, 'P', 'El Progreso'),
(1389, 378, 'P', 'La Ceiba'),
(1390, 378, 'P', 'Tres de Febrero'),
(1391, 379, 'P', 'El Dividive'),
(1392, 379, 'P', 'Agua Santa'),
(1393, 379, 'P', 'Agua Caliente'),
(1394, 379, 'P', 'El Cenizo'),
(1395, 379, 'P', 'Valerita'),
(1396, 380, 'P', 'Monte Carmelo'),
(1397, 380, 'P', 'Buena Vista'),
(1398, 380, 'P', 'Santa María del Horcón'),
(1399, 381, 'P', 'Motatán'),
(1400, 381, 'P', 'El Baño'),
(1401, 381, 'P', 'Jalisco'),
(1402, 382, 'P', 'Pampán'),
(1403, 382, 'P', 'Flor de Patria'),
(1404, 382, 'P', 'La Paz'),
(1405, 382, 'P', 'Santa Ana'),
(1406, 383, 'P', 'Pampanito'),
(1407, 383, 'P', 'La Concepción'),
(1408, 383, 'P', 'Pampanito II'),
(1409, 384, 'P', 'Betijoque'),
(1410, 384, 'P', 'José Gregorio Hernández'),
(1411, 384, 'P', 'La Pueblita'),
(1412, 384, 'P', 'Los Cedros'),
(1413, 385, 'P', 'Carvajal'),
(1414, 385, 'P', 'Campo Alegre'),
(1415, 385, 'P', 'Antonio Nicolás Briceño'),
(1416, 385, 'P', 'José Leonardo Suárez'),
(1417, 386, 'P', 'Sabana de Mendoza'),
(1418, 386, 'P', 'Junín'),
(1419, 386, 'P', 'Valmore Rodríguez'),
(1420, 386, 'P', 'El Paraíso'),
(1421, 387, 'P', 'Andrés Linares'),
(1422, 387, 'P', 'Chiquinquirá'),
(1423, 387, 'P', 'Cristóbal Mendoza'),
(1424, 387, 'P', 'Cruz Carrillo'),
(1425, 387, 'P', 'Matriz'),
(1426, 387, 'P', 'Monseñor Carrillo'),
(1427, 387, 'P', 'Tres Esquinas'),
(1428, 388, 'P', 'Cabimbú'),
(1429, 388, 'P', 'Jajó'),
(1430, 388, 'P', 'La Mesa de Esnujaque'),
(1431, 388, 'P', 'Santiago'),
(1432, 388, 'P', 'Tuñame'),
(1433, 388, 'P', 'La Quebrada'),
(1434, 389, 'P', 'Juan Ignacio Montilla'),
(1435, 389, 'P', 'La Beatriz'),
(1436, 389, 'P', 'La Puerta'),
(1437, 389, 'P', 'Mendoza del Valle de Momboy'),
(1438, 389, 'P', 'Mercedes Díaz'),
(1439, 389, 'P', 'San Luis'),
(1440, 390, 'P', 'Caraballeda'),
(1441, 390, 'P', 'Carayaca'),
(1442, 390, 'P', 'Carlos Soublette'),
(1443, 390, 'P', 'Caruao Chuspa'),
(1444, 390, 'P', 'Catia La Mar'),
(1445, 390, 'P', 'El Junko'),
(1446, 390, 'P', 'La Guaira'),
(1447, 390, 'P', 'Macuto'),
(1448, 390, 'P', 'Maiquetía'),
(1449, 390, 'P', 'Naiguatá'),
(1450, 390, 'P', 'Urimare'),
(1451, 391, 'P', 'Arístides Bastidas'),
(1452, 392, 'P', 'Bolívar'),
(1453, 407, 'P', 'Chivacoa'),
(1454, 407, 'P', 'Campo Elías'),
(1455, 408, 'P', 'Cocorote'),
(1456, 409, 'P', 'Independencia'),
(1457, 410, 'P', 'José Antonio Páez'),
(1458, 411, 'P', 'La Trinidad'),
(1459, 412, 'P', 'Manuel Monge'),
(1460, 413, 'P', 'Salóm'),
(1461, 413, 'P', 'Temerla'),
(1462, 413, 'P', 'Nirgua'),
(1463, 414, 'P', 'San Andrés'),
(1464, 414, 'P', 'Yaritagua'),
(1465, 415, 'P', 'San Javier'),
(1466, 415, 'P', 'Albarico'),
(1467, 415, 'P', 'San Felipe'),
(1468, 416, 'P', 'Sucre'),
(1469, 417, 'P', 'Urachiche'),
(1470, 418, 'P', 'El Guayabo'),
(1471, 418, 'P', 'Farriar'),
(1472, 441, 'P', 'Isla de Toas'),
(1473, 441, 'P', 'Monagas'),
(1474, 442, 'P', 'San Timoteo'),
(1475, 442, 'P', 'General Urdaneta'),
(1476, 442, 'P', 'Libertador'),
(1477, 442, 'P', 'Marcelino Briceño'),
(1478, 442, 'P', 'Pueblo Nuevo'),
(1479, 442, 'P', 'Manuel Guanipa Matos'),
(1480, 443, 'P', 'Ambrosio'),
(1481, 443, 'P', 'Carmen Herrera'),
(1482, 443, 'P', 'La Rosa'),
(1483, 443, 'P', 'Germán Ríos Linares'),
(1484, 443, 'P', 'San Benito'),
(1485, 443, 'P', 'Rómulo Betancourt'),
(1486, 443, 'P', 'Jorge Hernández'),
(1487, 443, 'P', 'Punta Gorda'),
(1488, 443, 'P', 'Arístides Calvani'),
(1489, 444, 'P', 'Encontrados'),
(1490, 444, 'P', 'Udón Pérez'),
(1491, 445, 'P', 'Moralito'),
(1492, 445, 'P', 'San Carlos del Zulia'),
(1493, 445, 'P', 'Santa Cruz del Zulia'),
(1494, 445, 'P', 'Santa Bárbara'),
(1495, 445, 'P', 'Urribarrí'),
(1496, 446, 'P', 'Carlos Quevedo'),
(1497, 446, 'P', 'Francisco Javier Pulgar'),
(1498, 446, 'P', 'Simón Rodríguez'),
(1499, 446, 'P', 'Guamo-Gavilanes'),
(1500, 448, 'P', 'La Concepción'),
(1501, 448, 'P', 'San José'),
(1502, 448, 'P', 'Mariano Parra León'),
(1503, 448, 'P', 'José Ramón Yépez'),
(1504, 449, 'P', 'Jesús María Semprún'),
(1505, 449, 'P', 'Barí'),
(1506, 450, 'P', 'Concepción'),
(1507, 450, 'P', 'Andrés Bello'),
(1508, 450, 'P', 'Chiquinquirá'),
(1509, 450, 'P', 'El Carmelo'),
(1510, 450, 'P', 'Potreritos'),
(1511, 451, 'P', 'Libertad'),
(1512, 451, 'P', 'Alonso de Ojeda'),
(1513, 451, 'P', 'Venezuela'),
(1514, 451, 'P', 'Eleazar López Contreras'),
(1515, 451, 'P', 'Campo Lara'),
(1516, 452, 'P', 'Bartolomé de las Casas'),
(1517, 452, 'P', 'Libertad'),
(1518, 452, 'P', 'Río Negro'),
(1519, 452, 'P', 'San José de Perijá'),
(1520, 453, 'P', 'San Rafael'),
(1521, 453, 'P', 'La Sierrita'),
(1522, 453, 'P', 'Las Parcelas'),
(1523, 453, 'P', 'Luis de Vicente'),
(1524, 453, 'P', 'Monseñor Marcos Sergio Godoy'),
(1525, 453, 'P', 'Ricaurte'),
(1526, 453, 'P', 'Tamare'),
(1527, 454, 'P', 'Antonio Borjas Romero'),
(1528, 454, 'P', 'Bolívar'),
(1529, 454, 'P', 'Cacique Mara'),
(1530, 454, 'P', 'Carracciolo Parra Pérez'),
(1531, 454, 'P', 'Cecilio Acosta'),
(1532, 454, 'P', 'Cristo de Aranza'),
(1533, 454, 'P', 'Coquivacoa'),
(1534, 454, 'P', 'Chiquinquirá'),
(1535, 454, 'P', 'Francisco Eugenio Bustamante'),
(1536, 454, 'P', 'Idelfonzo Vásquez'),
(1537, 454, 'P', 'Juana de Ávila'),
(1538, 454, 'P', 'Luis Hurtado Higuera'),
(1539, 454, 'P', 'Manuel Dagnino'),
(1540, 454, 'P', 'Olegario Villalobos'),
(1541, 454, 'P', 'Raúl Leoni'),
(1542, 454, 'P', 'Santa Lucía'),
(1543, 454, 'P', 'Venancio Pulgar'),
(1544, 454, 'P', 'San Isidro'),
(1545, 455, 'P', 'Altagracia'),
(1546, 455, 'P', 'Faría'),
(1547, 455, 'P', 'Ana María Campos'),
(1548, 455, 'P', 'San Antonio'),
(1549, 455, 'P', 'San José'),
(1550, 456, 'P', 'Donaldo García'),
(1551, 456, 'P', 'El Rosario'),
(1552, 456, 'P', 'Sixto Zambrano'),
(1553, 457, 'P', 'San Francisco'),
(1554, 457, 'P', 'El Bajo'),
(1555, 457, 'P', 'Domitila Flores'),
(1556, 457, 'P', 'Francisco Ochoa'),
(1557, 457, 'P', 'Los Cortijos'),
(1558, 457, 'P', 'Marcial Hernández'),
(1559, 458, 'P', 'Santa Rita'),
(1560, 458, 'P', 'El Mene'),
(1561, 458, 'P', 'Pedro Lucas Urribarrí'),
(1562, 458, 'P', 'José Cenobio Urribarrí'),
(1563, 459, 'P', 'Rafael Maria Baralt'),
(1564, 459, 'P', 'Manuel Manrique'),
(1565, 459, 'P', 'Rafael Urdaneta'),
(1566, 460, 'P', 'Bobures'),
(1567, 460, 'P', 'Gibraltar'),
(1568, 460, 'P', 'Heras'),
(1569, 460, 'P', 'Monseñor Arturo Álvarez'),
(1570, 460, 'P', 'Rómulo Gallegos'),
(1571, 460, 'P', 'El Batey'),
(1572, 461, 'P', 'Rafael Urdaneta'),
(1573, 461, 'P', 'La Victoria'),
(1574, 461, 'P', 'Raúl Cuenca'),
(1575, 447, 'P', 'Sinamaica'),
(1576, 447, 'P', 'Alta Guajira'),
(1577, 447, 'P', 'Elías Sánchez Rubio'),
(1578, 447, 'P', 'Guajira'),
(1579, 462, 'P', 'Altagracia'),
(1580, 462, 'P', 'Antímano'),
(1581, 462, 'P', 'Caricuao'),
(1582, 462, 'P', 'Catedral'),
(1583, 462, 'P', 'Coche'),
(1584, 462, 'P', 'El Junquito'),
(1585, 462, 'P', 'El Paraíso'),
(1586, 462, 'P', 'El Recreo'),
(1587, 462, 'P', 'El Valle'),
(1588, 462, 'P', 'La Candelaria'),
(1589, 462, 'P', 'La Pastora'),
(1590, 462, 'P', 'La Vega'),
(1591, 462, 'P', 'Macarao'),
(1592, 462, 'P', 'San Agustín'),
(1593, 462, 'P', 'San Bernardino'),
(1594, 462, 'P', 'San José'),
(1595, 462, 'P', 'San Juan'),
(1596, 462, 'P', 'San Pedro'),
(1597, 462, 'P', 'Santa Rosalía'),
(1598, 462, 'P', 'Santa Teresa'),
(1599, 462, 'P', 'Sucre (Catia)'),
(1600, 462, 'P', '23 de enero');

INSERT INTO tienda (ti_id,ti_tipo,ti_nombre,l_id) VALUES
(1,'Candy Shop','Principal',1585),
(2,'Mini Candy Shop','Candy Cafetal',1073),
(3,'Mini Candy Shop','Candy Puente Maracaibo',1527),
(4,'Mini Candy Shop','Candy Barqui',924),
(5,'Mini Candy Shop','Candy El Tigre',541),
(6,'Mini Candy Shop','Candy Guanare',1188),
(7,'Mini Candy Shop','Candy Paraguana',811),
(8,'Mini Candy Shop','Candy Valle La Pascua',901),
(9,'Mini Candy Shop','Candy Ureña',1324),
(10,'Mini Candy Shop','Candy San Felíx',677),
(11,'Mini Candy Shop','Candy Carora',972),
(12,'Mini Candy Shop','Candy Acarigua',1201),
(13,'Mini Candy Shop','Candy Táriba',1291),
(14,'Mini Candy Shop','Candy Petare',1110),
(15,'Mini Candy Shop','Candy Maracay',575),
(16,'Mini Candy Shop','Candy Puerto Ordaz',677),
(17,'Mini Candy Shop','Candy San Cristóbal',1331),
(18,'Mini Candy Shop','Candy Los Teques',1087),
(19,'Mini Candy Shop','Candy Anaco',488),
(20,'Mini Candy Shop','Candy San Casimiro',595),
(21,'Mini Candy Shop','Candy San Antonio De Los Altos',1097),
(22,'Mini Candy Shop','Candy Antimano',1580),
(23,'Mini Candy Shop','Candy La Guaira',1446),
(24,'Mini Candy Shop','Candy Margarita(Pampatar)',1171),
(25,'Mini Candy Shop','Candy Guanta',502),
(26,'Mini Candy Shop','Candy Puerto La Cruz',512),
(27,'Mini Candy Shop','Candy Mérida',1021),
(28,'Mini Candy Shop','Candy Barinas',631),
(29,'Mini Candy Shop','Candy Tucacas',841),
(30,'Mini Candy Shop','Candy Costa Oriental del Lago',1487),
(31,'Mini Candy Shop','Candy La Victoria',584),
(32,'Mini Candy Shop','Candy Villa de Cura',615),
(33,'Mini Candy Shop','Candy Ciudad Ojeda',1512),
(34,'Mini Candy Shop','Candy Ciudad Bolivar',677),
(35,'Mini Candy Shop','Candy Barcelona',536),
(36,'Mini Candy Shop','Candy San Fernando de Apure',565),
(37,'Mini Candy Shop','Candy Valencia',755),
(38,'Mini Candy Shop','Candy Maiquetía',1448),
(39,'Mini Candy Shop','Candy Carúpano',1242),
(40,'Mini Candy Shop','Candy Coro',854),
(41,'Mini Candy Shop','Candy Trujillo',1427);

INSERT INTO tipo_producto (tp_id,tp_nombre) VALUES
(1, 'Chupeta'),
(2,'Caramelo Duro'),
(3,'Pastilla'),
(4,'Caramelo Blando'),
(5,'Chicle'),
(6,'Gomita');

INSERT INTO producto (p_nombre,p_imagen,p_precio,p_desc,tp_id) VALUES
('Chupetas Rimbombin','rimbombin.png',100,'El famoso caramelo con
palo ideado por Enric Bernat en 1958 sigue
de actualidad en nuestros días. Personajes como Johan Cruyff, Rivaldo, Harrison Ford o Jorge Lorenzo
han protagonizado campañas o se les ha visto en público saboreando
Chupetas Rimbombin. El logo de Chupetas Rimbombin que
conocemos hoy en día fue rediseñado por Salvador Paluiski en
1980, envolviendolo con la forma de margarita que conocemos.
Hoy en día, además de los clásicos, también podemos
encontrarlos rellenos de chicle, de chocolate y en formato
sin azúcar.',1),
('Ricolin','ricolin.png',120,'Los primeros Ricolin se fabricaron
en la década de 1990, como supresores de la
tos. Hoy en día Ricolin es la marca líder
en el segmento de los caramelos de bolsillo
en Venezuela. A sus sabores clásicos
mentolados y cítricos ahora añaden sabores
frutales como fresa y lima en formato con y
sin azúcar, y todos con contenido en
vitamina C.',2),
('Los Firi Firi','firifiri.png',80,'Se introducen en el mercado en 1994, teniendo
como objetivo un público adulto. Son pastillas que
proporcionan frescura, y en ello basan
sus campañas publicitarias. Desde el
año 1994 hasta hoy hemos visto
cantidad de campañas divertidas de
firi firi siempre basadas en su slogan
“sin firi firi no hay beso”. A partir
de los primeros firi firi tabs de
sabor menta, han ido apareciendo
nuevos sabores,todos sin azúcar.',3),
('Chupetas de Corazón','chupetacorazon.png',130,'En el año 2005 decidimos
apostar; gracias al éxito del caramelo
Ricura; a la combinación del dulce y picante,
por eso se crean unas chupetas en forma de
corazón que tienen aspecto sutil pero es el
resultado de combinar un suave sabor de fresa con polvo
efervescente picante.',1),
('Pirulitos','pirulito.png',90,'Son caramelos blandos que
reciben su nombre por la forma alargada
con la que se presentan. Tradicionalmente
eran de sabor fresa, a los que más tarde
se añadieron el sabor naranja y el cola, a
los que ahora se añaden los de melocotón,
patilla y manzana.',4),
('Ricura','ricura.png',70,'Se introducen en el mercado en el año 2002 como una
edición especial, por su particular
combinación de sabores, tanto fue el éxito
que son parte de la producción actual de la
fábrica. Es una bola de caramelo picante con
centro de chicle. Permanecen dentro del Top
10 a nivel nacional y está entre los
favoritos a nivel internacional.',2),
('El Original','original.png',110,'El caramelo balsámico de Candy UCAB. Un producto
clásico de confitería adulta, que aúna un sabor refrescante y
agradable con el efecto de
aliviar la irritación de
garganta y despejar las vías
respiratorias. Candy UCAB los
comercializa con y sin azúcar.
Elaborados a partir de Menta
Piperita, la variedad de menta
más refrescante, están
disponibles en varios sabores:
menta fresca, eucalipto, miel y mentol, limón y melisa,
naranja y limón fresh con xylitol.',2),
('Dulcin','dulcin.png',95,'La receta original es procedente de España del año
1961, pero Candy hizo una adaptación de la receta con
productos locales (venezolanos) son los
caramelos blandos más conocidos de
Candy UCAB, con los que muchos nos
iniciamos en el mundo de los caramelos.
Son caramelos masticables de forma
cuadrada y muy coloridos, asociando
cada color a un sabor correspondiente,
siendo estos fresa, piña, limón, naranja y cereza.',4),
('Choco Candy','choco.png',135,'Los primeros caramelos Choco se
fabricaron en una pequeña confitería de
Valencia en la década de los 80, eran pequeñas
pastillas de café con leche a las que se les
atribuían efectos positivos para combatir
resfriados. Candy en el año 2005 adaptó la receta agregando
un ingrediente especial (el chocolate). Hoy en día los
caramelos Choco son líderes en caramelos de chocolate, y
cuenta con una amplia variedad de sabores: tradicional, café
expresso, capuccino, fresas con nata, menta, nata y mousse de
limón todos con base de chocolate.',3),
('Blue','blue.png',150,'Al término de la guerra civil, Javier Ramírez regresó
a Navarra tras un exilio en Francia. Fue entonces cuando
inventó un caramelo que hoy día sigue siendo un éxito en
España y en el mundo, el caramelo
de piñones de la fábrica El
Caserío. En El Caserío de Tafalla
siguen produciendo sus caramelos
de forma casi artesanal, siempre
con productos naturales. Hoy en
día su variedad es muy amplia,
además del caramelo de piñones
tienen disponibles otros de cremas, pastillas de café con
leche, caramelos ligeros, toffers, caramelos de chocolate con
piñones, caramelos de cortesía e incluso un caramelo especial
con el que colaboran en la lucha contra el Alzheimer. Candy
para el 2007 hizo la tropicalización de la receta y creo Blue
un caramelo de café con centro de arequipe.',2);

INSERT INTO rol (r_tipo) VALUES
('Administrador'),
('Cajero'),
('Gerente'),
('Talento Humano'),
('Jefe de Compras'),
('Despachador'),
('Gerente Promociones'),
('Gerente General'),
('Supervisor'),
('Empleado Razo');

INSERT INTO historial (h_precio,h_fecha) VALUES
(10,'01-06-2018'),
(20,'02-06-2018'),
(30,'03-06-2018'),
(40,'04-06-2018'),
(50,'05-06-2018'),
(60,'06-06-2018'),
(70,'07-06-2018'),
(80,'08-06-2018'),
(90,'09-06-2018'),
(100,'10-06-2018');

INSERT INTO diariodulce (dd_femision,dd_ffinal,e_id) VALUES
('06-03-2018','26-03-2018',1),
('27-03-2018','16-04-2018',1),
('17-04-2018','07-05-2018',1),
('08-05-2018','28-05-2018',1),
('29-05-2018','17-06-2018',1);

INSERT INTO pro_diario (pd_descuento,dd_id,p_id) VALUES
(0.1,1,1),(0.1,1,2),(0.1,1,3),(0.1,1,4),(0.1,1,5),
(0.1,2,1),(0.1,2,2),(0.1,2,3),(0.1,2,4),(0.1,2,5),
(0.1,3,1),(0.1,3,2),(0.1,3,3),(0.1,3,4),(0.1,3,5),
(0.1,4,1),(0.1,4,2),(0.1,4,3),(0.1,4,4),(0.1,4,5),
(0.1,5,1),(0.1,5,2),(0.1,5,3),(0.1,5,4),(0.1,5,5);

INSERT INTO estatus (es_tipo) VALUES
('Listo para entregar'),
('Entregado'),
('Emitido'),
('Pagado'),
('Cancelado');

INSERT INTO horario (h_dia,h_fecha_entrada,h_fecha_salida,e_id) VALUES
('Lunes',to_timestamp('18-06-2018 07:00', 'DD-MM-YYYY HH24:MI'),to_timestamp('18-06-2018 17:00', 'DD-MM-YYYY HH24:MI'),1),
('Martes',to_timestamp('19-06-2018 05:00', 'DD-MM-YYYY HH24:MI'),to_timestamp('19-06-2018 18:00', 'DD-MM-YYYY HH24:MI'),1),
('Miercoles',to_timestamp('20-06-2018 09:00', 'DD-MM-YYYY HH24:MI'),to_timestamp('20-06-2018 18:00', 'DD-MM-YYYY HH24:MI'),1),
('Jueves',to_timestamp('21-06-2018 10:00', 'DD-MM-YYYY HH24:MI'),to_timestamp('21-06-2018 19:00','DD-MM-YYYY HH24:MI'),1),
('Viernes',to_timestamp('22-06-2018 05:00', 'DD-MM-YYYY HH24:MI'),to_timestamp('22-06-2018 16:00', 'DD-MM-YYYY HH24:MI'),1);

INSERT INTO beneficio (b_ingreso,b_nombre,e_id) VALUES
(9292,'Caja Clap',1),
(6122,'Bono Alimenticio',2),
(5986,'Bono para sustancias ilicitas',3),
(29282,'Bono de Navidad',4),
(15226,'Bono para hijos',5);

INSERT INTO telefono (t_num,cn_id) VALUES
(4243574858,1),
(4243240208,2),
(4167893232,3),
(4123456079,4),
(4148529632,5);

INSERT INTO fabrica (f_nombre,l_id) VALUES ('Candy Factory',1221);

INSERT INTO rol_per (r_id,per_id) VALUES
(1,1),(2,2),(3,3),(4,4),(5,5),(1,41),(1,42),(1,43),(1,44),(1,9),(1,10),(1,11),(1,12);

INSERT INTO presupuesto (pre_femision,pre_nombre) VALUES ('15-06-2018','Cliente Solidario'),('16-06-2018','Chico Increible'),
('17-06-2018','presupuesto boleta'),('18-06-2018','THICC'),('19-06-2018','presu');

INSERT INTO asistencia (as_fecha_entrada, as_fecha_salida,e_id) VALUES
(to_timestamp('01-06-2018 06:08', 'DD-MM-YYYY HH24:MI'),to_timestamp('01-06-2018 17:54', 'DD-MM-YYYY HH24:MI'),1),
(to_timestamp('02-06-2018 06:53', 'DD-MM-YYYY HH24:MI'),to_timestamp('02-06-2018 17:56', 'DD-MM-YYYY HH24:MI'),1),
(to_timestamp('03-06-2018 06:49', 'DD-MM-YYYY HH24:MI'),to_timestamp('03-06-2018 13:48', 'DD-MM-YYYY HH24:MI'),1),
(to_timestamp('04-06-2018 09:31', 'DD-MM-YYYY HH24:MI'),to_timestamp('04-06-2018 19:26', 'DD-MM-YYYY HH24:MI'),1),
(to_timestamp('05-06-2018 08:29', 'DD-MM-YYYY HH24:MI'),to_timestamp('05-06-2018 12:02', 'DD-MM-YYYY HH24:MI'),1),
(to_timestamp('06-06-2018 06:53', 'DD-MM-YYYY HH24:MI'),to_timestamp('06-06-2018 12:53', 'DD-MM-YYYY HH24:MI'),1),
(to_timestamp('07-06-2018 06:45', 'DD-MM-YYYY HH24:MI'),to_timestamp('07-06-2018 14:17', 'DD-MM-YYYY HH24:MI'),1),
(to_timestamp('08-06-2018 05:15', 'DD-MM-YYYY HH24:MI'),to_timestamp('08-06-2018 14:55', 'DD-MM-YYYY HH24:MI'),1),
(to_timestamp('09-06-2018 08:12', 'DD-MM-YYYY HH24:MI'),to_timestamp('09-06-2018 14:31', 'DD-MM-YYYY HH24:MI'),1),
(to_timestamp('10-06-2018 06:43', 'DD-MM-YYYY HH24:MI'),to_timestamp('10-06-2018 12:45', 'DD-MM-YYYY HH24:MI'),1),
(to_timestamp('11-06-2018 06:00', 'DD-MM-YYYY HH24:MI'),to_timestamp('11-06-2018 12:25', 'DD-MM-YYYY HH24:MI'),1),
(to_timestamp('12-06-2018 08:19', 'DD-MM-YYYY HH24:MI'),to_timestamp('12-06-2018 14:55', 'DD-MM-YYYY HH24:MI'),1),
(to_timestamp('13-06-2018 06:53', 'DD-MM-YYYY HH24:MI'),to_timestamp('13-06-2018 15:58', 'DD-MM-YYYY HH24:MI'),1),
(to_timestamp('14-06-2018 06:42', 'DD-MM-YYYY HH24:MI'),to_timestamp('14-06-2018 13:31', 'DD-MM-YYYY HH24:MI'),1),
(to_timestamp('15-06-2018 09:14', 'DD-MM-YYYY HH24:MI'),to_timestamp('15-06-2018 12:48', 'DD-MM-YYYY HH24:MI'),1),
(to_timestamp('16-06-2018 07:30', 'DD-MM-YYYY HH24:MI'),to_timestamp('16-06-2018 12:01', 'DD-MM-YYYY HH24:MI'),1),
(to_timestamp('17-06-2018 08:08', 'DD-MM-YYYY HH24:MI'),to_timestamp('17-06-2018 19:12', 'DD-MM-YYYY HH24:MI'),1),
(to_timestamp('18-06-2018 08:21', 'DD-MM-YYYY HH24:MI'),to_timestamp('18-06-2018 13:57', 'DD-MM-YYYY HH24:MI'),1),
(to_timestamp('19-06-2018 07:42', 'DD-MM-YYYY HH24:MI'),to_timestamp('19-06-2018 12:08', 'DD-MM-YYYY HH24:MI'),1),
(to_timestamp('20-06-2018 08:13', 'DD-MM-YYYY HH24:MI'),to_timestamp('20-06-2018 15:50', 'DD-MM-YYYY HH24:MI'),1),
(to_timestamp('01-06-2018 06:27', 'DD-MM-YYYY HH24:MI'),to_timestamp('01-06-2018 14:36', 'DD-MM-YYYY HH24:MI'),2),
(to_timestamp('02-06-2018 07:21', 'DD-MM-YYYY HH24:MI'),to_timestamp('02-06-2018 15:09', 'DD-MM-YYYY HH24:MI'),2),
(to_timestamp('03-06-2018 08:00', 'DD-MM-YYYY HH24:MI'),to_timestamp('03-06-2018 12:26', 'DD-MM-YYYY HH24:MI'),2),
(to_timestamp('04-06-2018 09:52', 'DD-MM-YYYY HH24:MI'),to_timestamp('04-06-2018 12:38', 'DD-MM-YYYY HH24:MI'),2),
(to_timestamp('05-06-2018 06:50', 'DD-MM-YYYY HH24:MI'),to_timestamp('05-06-2018 14:00', 'DD-MM-YYYY HH24:MI'),2),
(to_timestamp('06-06-2018 06:46', 'DD-MM-YYYY HH24:MI'),to_timestamp('06-06-2018 19:53', 'DD-MM-YYYY HH24:MI'),2),
(to_timestamp('07-06-2018 08:53', 'DD-MM-YYYY HH24:MI'),to_timestamp('07-06-2018 17:59', 'DD-MM-YYYY HH24:MI'),2),
(to_timestamp('08-06-2018 06:48', 'DD-MM-YYYY HH24:MI'),to_timestamp('08-06-2018 15:58', 'DD-MM-YYYY HH24:MI'),2),
(to_timestamp('09-06-2018 06:03', 'DD-MM-YYYY HH24:MI'),to_timestamp('09-06-2018 16:35', 'DD-MM-YYYY HH24:MI'),2),
(to_timestamp('10-06-2018 09:52', 'DD-MM-YYYY HH24:MI'),to_timestamp('10-06-2018 18:19', 'DD-MM-YYYY HH24:MI'),2),
(to_timestamp('11-06-2018 09:25', 'DD-MM-YYYY HH24:MI'),to_timestamp('11-06-2018 16:50', 'DD-MM-YYYY HH24:MI'),2),
(to_timestamp('12-06-2018 05:57', 'DD-MM-YYYY HH24:MI'),to_timestamp('12-06-2018 15:27', 'DD-MM-YYYY HH24:MI'),2),
(to_timestamp('13-06-2018 06:10', 'DD-MM-YYYY HH24:MI'),to_timestamp('13-06-2018 14:47', 'DD-MM-YYYY HH24:MI'),2),
(to_timestamp('14-06-2018 07:28', 'DD-MM-YYYY HH24:MI'),to_timestamp('14-06-2018 19:20', 'DD-MM-YYYY HH24:MI'),2),
(to_timestamp('15-06-2018 09:18', 'DD-MM-YYYY HH24:MI'),to_timestamp('15-06-2018 18:49', 'DD-MM-YYYY HH24:MI'),2),
(to_timestamp('16-06-2018 08:14', 'DD-MM-YYYY HH24:MI'),to_timestamp('16-06-2018 16:12', 'DD-MM-YYYY HH24:MI'),2),
(to_timestamp('17-06-2018 05:47', 'DD-MM-YYYY HH24:MI'),to_timestamp('17-06-2018 15:31', 'DD-MM-YYYY HH24:MI'),2),
(to_timestamp('18-06-2018 09:57', 'DD-MM-YYYY HH24:MI'),to_timestamp('18-06-2018 16:04', 'DD-MM-YYYY HH24:MI'),2),
(to_timestamp('19-06-2018 09:49', 'DD-MM-YYYY HH24:MI'),to_timestamp('19-06-2018 13:05', 'DD-MM-YYYY HH24:MI'),2),
(to_timestamp('20-06-2018 09:15', 'DD-MM-YYYY HH24:MI'),to_timestamp('20-06-2018 12:52', 'DD-MM-YYYY HH24:MI'),2),
(to_timestamp('01-06-2018 09:40', 'DD-MM-YYYY HH24:MI'),to_timestamp('01-06-2018 12:54', 'DD-MM-YYYY HH24:MI'),3),
(to_timestamp('02-06-2018 08:07', 'DD-MM-YYYY HH24:MI'),to_timestamp('02-06-2018 12:03', 'DD-MM-YYYY HH24:MI'),3),
(to_timestamp('03-06-2018 08:16', 'DD-MM-YYYY HH24:MI'),to_timestamp('03-06-2018 14:28', 'DD-MM-YYYY HH24:MI'),3),
(to_timestamp('04-06-2018 05:21', 'DD-MM-YYYY HH24:MI'),to_timestamp('04-06-2018 12:57', 'DD-MM-YYYY HH24:MI'),3),
(to_timestamp('05-06-2018 09:37', 'DD-MM-YYYY HH24:MI'),to_timestamp('05-06-2018 19:36', 'DD-MM-YYYY HH24:MI'),3),
(to_timestamp('06-06-2018 08:32', 'DD-MM-YYYY HH24:MI'),to_timestamp('06-06-2018 16:33', 'DD-MM-YYYY HH24:MI'),3),
(to_timestamp('07-06-2018 07:40', 'DD-MM-YYYY HH24:MI'),to_timestamp('07-06-2018 13:56', 'DD-MM-YYYY HH24:MI'),3),
(to_timestamp('08-06-2018 05:42', 'DD-MM-YYYY HH24:MI'),to_timestamp('08-06-2018 16:15', 'DD-MM-YYYY HH24:MI'),3),
(to_timestamp('09-06-2018 08:09', 'DD-MM-YYYY HH24:MI'),to_timestamp('09-06-2018 12:39', 'DD-MM-YYYY HH24:MI'),3),
(to_timestamp('10-06-2018 07:34', 'DD-MM-YYYY HH24:MI'),to_timestamp('10-06-2018 14:09', 'DD-MM-YYYY HH24:MI'),3),
(to_timestamp('11-06-2018 09:23', 'DD-MM-YYYY HH24:MI'),to_timestamp('11-06-2018 16:44', 'DD-MM-YYYY HH24:MI'),3),
(to_timestamp('12-06-2018 07:32', 'DD-MM-YYYY HH24:MI'),to_timestamp('12-06-2018 17:48', 'DD-MM-YYYY HH24:MI'),3),
(to_timestamp('13-06-2018 09:55', 'DD-MM-YYYY HH24:MI'),to_timestamp('13-06-2018 15:59', 'DD-MM-YYYY HH24:MI'),3),
(to_timestamp('14-06-2018 09:54', 'DD-MM-YYYY HH24:MI'),to_timestamp('14-06-2018 17:21', 'DD-MM-YYYY HH24:MI'),3),
(to_timestamp('15-06-2018 07:35', 'DD-MM-YYYY HH24:MI'),to_timestamp('15-06-2018 13:02', 'DD-MM-YYYY HH24:MI'),3),
(to_timestamp('16-06-2018 06:16', 'DD-MM-YYYY HH24:MI'),to_timestamp('16-06-2018 19:03', 'DD-MM-YYYY HH24:MI'),3),
(to_timestamp('17-06-2018 09:05', 'DD-MM-YYYY HH24:MI'),to_timestamp('17-06-2018 17:02', 'DD-MM-YYYY HH24:MI'),3),
(to_timestamp('18-06-2018 06:51', 'DD-MM-YYYY HH24:MI'),to_timestamp('18-06-2018 12:43', 'DD-MM-YYYY HH24:MI'),3),
(to_timestamp('19-06-2018 05:39', 'DD-MM-YYYY HH24:MI'),to_timestamp('19-06-2018 12:45', 'DD-MM-YYYY HH24:MI'),3),
(to_timestamp('20-06-2018 05:46', 'DD-MM-YYYY HH24:MI'),to_timestamp('20-06-2018 15:08', 'DD-MM-YYYY HH24:MI'),3),
(to_timestamp('01-06-2018 08:41', 'DD-MM-YYYY HH24:MI'),to_timestamp('01-06-2018 12:54', 'DD-MM-YYYY HH24:MI'),4),
(to_timestamp('02-06-2018 06:36', 'DD-MM-YYYY HH24:MI'),to_timestamp('02-06-2018 13:30', 'DD-MM-YYYY HH24:MI'),4),
(to_timestamp('03-06-2018 06:30', 'DD-MM-YYYY HH24:MI'),to_timestamp('03-06-2018 14:49', 'DD-MM-YYYY HH24:MI'),4),
(to_timestamp('04-06-2018 07:17', 'DD-MM-YYYY HH24:MI'),to_timestamp('04-06-2018 12:18', 'DD-MM-YYYY HH24:MI'),4),
(to_timestamp('05-06-2018 09:34', 'DD-MM-YYYY HH24:MI'),to_timestamp('05-06-2018 15:34', 'DD-MM-YYYY HH24:MI'),4),
(to_timestamp('06-06-2018 08:54', 'DD-MM-YYYY HH24:MI'),to_timestamp('06-06-2018 17:10', 'DD-MM-YYYY HH24:MI'),4),
(to_timestamp('07-06-2018 08:31', 'DD-MM-YYYY HH24:MI'),to_timestamp('07-06-2018 19:43', 'DD-MM-YYYY HH24:MI'),4),
(to_timestamp('08-06-2018 06:00', 'DD-MM-YYYY HH24:MI'),to_timestamp('08-06-2018 16:51', 'DD-MM-YYYY HH24:MI'),4),
(to_timestamp('09-06-2018 09:11', 'DD-MM-YYYY HH24:MI'),to_timestamp('09-06-2018 17:21', 'DD-MM-YYYY HH24:MI'),4),
(to_timestamp('10-06-2018 07:42', 'DD-MM-YYYY HH24:MI'),to_timestamp('10-06-2018 17:31', 'DD-MM-YYYY HH24:MI'),4),
(to_timestamp('11-06-2018 07:35', 'DD-MM-YYYY HH24:MI'),to_timestamp('11-06-2018 12:08', 'DD-MM-YYYY HH24:MI'),4),
(to_timestamp('12-06-2018 08:02', 'DD-MM-YYYY HH24:MI'),to_timestamp('12-06-2018 15:57', 'DD-MM-YYYY HH24:MI'),4),
(to_timestamp('13-06-2018 07:58', 'DD-MM-YYYY HH24:MI'),to_timestamp('13-06-2018 12:06', 'DD-MM-YYYY HH24:MI'),4),
(to_timestamp('14-06-2018 09:00', 'DD-MM-YYYY HH24:MI'),to_timestamp('14-06-2018 13:16', 'DD-MM-YYYY HH24:MI'),4),
(to_timestamp('15-06-2018 06:58', 'DD-MM-YYYY HH24:MI'),to_timestamp('15-06-2018 15:39', 'DD-MM-YYYY HH24:MI'),4),
(to_timestamp('16-06-2018 09:13', 'DD-MM-YYYY HH24:MI'),to_timestamp('16-06-2018 16:14', 'DD-MM-YYYY HH24:MI'),4),
(to_timestamp('17-06-2018 09:54', 'DD-MM-YYYY HH24:MI'),to_timestamp('17-06-2018 16:03', 'DD-MM-YYYY HH24:MI'),4),
(to_timestamp('18-06-2018 05:38', 'DD-MM-YYYY HH24:MI'),to_timestamp('18-06-2018 19:48', 'DD-MM-YYYY HH24:MI'),4),
(to_timestamp('19-06-2018 07:35', 'DD-MM-YYYY HH24:MI'),to_timestamp('19-06-2018 13:14', 'DD-MM-YYYY HH24:MI'),4),
(to_timestamp('20-06-2018 05:38', 'DD-MM-YYYY HH24:MI'),to_timestamp('20-06-2018 15:37', 'DD-MM-YYYY HH24:MI'),4);

INSERT INTO carnet (car_num, cj_id,d_id) VALUES
('01-00000001',1,1),
('01-00000002',2,1),
('02-00000001',3,6),
('02-00000002',4,6),
('03-00000001',5,11),
('03-00000002',6,11),
('04-00000001',7,16),
('04-00000002',8,16),
('05-00000001',9,21),
('05-00000002',10,21),
('06-00000001',11,26),
('06-00000002',12,26),
('07-00000001',13,31),
('07-00000002',14,31),
('08-00000001',15,36),
('08-00000002',16,36),
('09-00000001',17,41),
('09-00000002',18,41),
('10-00000001',19,46),
('10-00000002',20,46),
('11-00000001',21,51),
('11-00000002',22,51),
('12-00000001',23,56),
('12-00000002',24,56),
('13-00000001',25,61),
('13-00000002',26,61),
('14-00000001',27,66),
('14-00000002',28,66),
('15-00000001',29,71),
('15-00000002',30,71),
('16-00000001',31,76),
('16-00000002',32,76),
('17-00000001',33,81),
('17-00000002',34,81),
('18-00000001',35,86),
('18-00000002',36,86),
('19-00000001',37,91),
('19-00000002',38,91),
('20-00000001',39,96),
('20-00000002',40,96),
('21-00000001',41,101),
('21-00000002',42,101),
('22-00000001',43,106),
('22-00000002',44,106),
('23-00000001',45,111),
('23-00000002',46,111),
('24-00000001',47,116),
('24-00000002',48,116),
('25-00000001',49,121),
('25-00000002',50,121),
('26-00000001',51,126),
('26-00000002',52,126),
('27-00000001',53,131),
('27-00000002',54,131),
('28-00000001',55,136),
('28-00000002',56,136),
('29-00000001',57,141),
('29-00000002',58,141),
('30-00000001',59,146),
('30-00000002',60,146),
('31-00000001',61,151),
('31-00000002',62,151),
('32-00000001',63,156),
('32-00000002',64,156),
('33-00000001',65,161),
('33-00000002',66,161),
('34-00000001',67,166),
('34-00000002',68,166),
('35-00000001',69,171),
('35-00000002',70,171),
('36-00000001',71,176),
('36-00000002',72,176),
('37-00000001',73,181),
('37-00000002',74,181),
('38-00000001',75,186),
('38-00000002',76,186),
('39-00000001',77,191),
('39-00000002',78,191),
('40-00000001',79,196),
('40-00000002',80,196),
('41-00000001',81,201),
('41-00000002',82,201);

INSERT INTO carnet (car_num, cn_id,d_id) VALUES
('01-00000003',1,1),
('01-00000004',2,1),
('02-00000003',3,6),
('02-00000004',4,6),
('03-00000003',5,11),
('03-00000004',6,11),
('04-00000003',7,16),
('04-00000004',8,16),
('05-00000003',9,21),
('05-00000004',10,21),
('06-00000003',11,26),
('06-00000004',12,26),
('07-00000003',13,31),
('07-00000004',14,31),
('08-00000003',15,36),
('08-00000004',16,36),
('09-00000003',17,41),
('09-00000004',18,41),
('10-00000003',19,46),
('10-00000004',20,46),
('11-00000003',21,51),
('11-00000004',22,51),
('12-00000003',23,56),
('12-00000004',24,56),
('13-00000003',25,61),
('13-00000004',26,61),
('14-00000003',27,66),
('14-00000004',28,66),
('15-00000003',29,71),
('15-00000004',30,71),
('16-00000003',31,76),
('16-00000004',32,76),
('17-00000003',33,81),
('17-00000004',34,81),
('18-00000003',35,86),
('18-00000004',36,86),
('19-00000003',37,91),
('19-00000004',38,91),
('20-00000003',39,96),
('20-00000004',40,96),
('21-00000003',41,101),
('21-00000004',42,101),
('22-00000003',43,106),
('22-00000004',44,106),
('23-00000003',45,111),
('23-00000004',46,111),
('24-00000003',47,116),
('24-00000004',48,116),
('25-00000003',49,121),
('25-00000004',50,121),
('26-00000003',51,126),
('26-00000004',52,126),
('27-00000003',53,131),
('27-00000004',54,131),
('28-00000003',55,136),
('28-00000004',56,136),
('29-00000003',57,141),
('29-00000004',58,141),
('30-00000003',59,146),
('30-00000004',60,146),
('31-00000003',61,151),
('31-00000004',62,151),
('32-00000003',63,156),
('32-00000004',64,156),
('33-00000003',65,161),
('33-00000004',66,161),
('34-00000003',67,166),
('34-00000004',68,166),
('35-00000003',69,171),
('35-00000004',70,171),
('36-00000003',71,176),
('36-00000004',72,176),
('37-00000003',73,181),
('37-00000004',74,181),
('38-00000003',75,186),
('38-00000004',76,186),
('39-00000003',77,191),
('39-00000004',78,191),
('40-00000003',79,196),
('40-00000004',80,196),
('41-00000003',81,201),
('41-00000004',82,201);

INSERT INTO clientenatural (cn_rif, cn_email,cn_nom1,cn_nom2,cn_ap1,cn_ap2,l_id,cn_ci,ti_cod) VALUES
('V-39273724-0','jose-antonio22@yahoo.com','Lourdes','Sebastian','Nevado','Peláez',1477,22170233,1),
('V-21547925-3','marbotella@hotmail.com','Lidia','Jose Antonio','Coronado','Pellicer',829,12211139,1),
('V-3788002-4','samuelpineda@gmail.com','Mercedes','Carla','Caro','Aranda',1466,17366789,2),
('V-59536012-0','luzfrancisco-javier@yahoo.com','Tomás','Dolores','Vallés','Mulet',932,16393876,2),
('V-28996766-2','emontenegro@hotmail.com','Encarnacion','Margarita','Baquero','Bonet',1269,22084760,3),
('V-42273151-5','javier03@yahoo.com','Alicia','Juana','Alcolea','Garcés',631,4197406,3),
('V-38253511-4','sdelgado@gmail.com','Andrés','Anna','Zamora','Diez',1357,21791454,4),
('V-54215556-9','jordivaldes@gmail.com','Margarita','Jose Angel','Villalba','Otero',1087,4711335,4),
('V-74228663-4','uribebeatriz@yahoo.com','Miriam','Esther','Zurita','Manjón',759,6510004,5),
('V-92878036-9','aitor19@gmail.com','Celia','Jorge','Escolano','Aguiló',975,11289324,5),
('V-83308209-4','garzonbeatriz@hotmail.com','Santiago','Esther','Oliver','Oller',730,25189383,6),
('V-58330161-2','victor-manuel61@gmail.com','Felix','Concepción','Barrera','Bartolomé',1154,4658773,6),
('V-82638762-3','montesinosmiguel-angel@gmail.com','Daniel','Juan José','Reguera','Carbonell',1056,8536123,7),
('V-14634837-9','adriana82@gmail.com','Verónica','Antonia','Ayuso','Lasa',978,4801317,7),
('V-98834587-1','ricardo75@yahoo.com','María','Remedios','Pedrosa','Viana',1554,24026295,8),
('V-10241219-8','cabreromohamed@hotmail.com','Mariano','Miguel','Milla','Talavera',1095,1025671,8),
('V-36022524-5','milagrosaliaga@gmail.com','Jorge','Irene','Llorente','López',1257,19324132,9),
('V-8745026-7','jose-manuel43@gmail.com','Jose Manuel','Alba','Lorenzo','Giménez',706,9897685,9),
('V-75199133-0','arteagaalejandra@gmail.com','Luz','Soledad','Morales','Serna',723,23774781,10),
('V-86972037-6','jginer@yahoo.com','Jesús','Julia','Manzano','Vicente',1492,16061691,10),
('V-39231347-8','alvarobenavente@gmail.com','Antonia','Cristina','Bonet','Hernando',616,13728024,11),
('V-65367871-5','jose-angel83@gmail.com','Juan','Domingo','Girón','Sarmiento',1449,22038420,11),
('V-64445781-9','camachohector@gmail.com','Victor Manuel','Gregorio','Dalmau','Teruel',996,20907836,12),
('V-50538689-6','bperales@yahoo.com','Tomás','Ruben','Dávila','Nuñez',1127,5696597,12),
('V-60150314-4','juan83@gmail.com','Luis Miguel','Belen','Gisbert','Suarez',574,21986456,13),
('V-43930327-1','julianamo@gmail.com','Ismael','Roberto','Zaragoza','Morales',1256,19061596,13),
('V-26112283-8','caballeronerea@gmail.com','Dolores','Jose Luis','Adán','Peñas',1577,22284789,14),
('V-46530960-6','luis-miguelpenas@yahoo.com','Cesar','Carlos','Ramírez','Alcalde',1279,25225223,14),
('V-58436699-8','casadooscar@hotmail.com','Clara','Francisco','Campos','Menendez',1488,20806995,15),
('V-77951081-0','inmaculada25@yahoo.com','Lorenzo','Ignacio','Garmendia','Salazar',1353,17540337,15),
('V-45669469-5','santiagomelendez@yahoo.com','Vicenta','Juan José','Peña','Ordóñez',762,21455794,16),
('V-91719292-5','mariogalvez@yahoo.com','Emilio','Yolanda','Talavera','Garcia',614,8229207,16),
('V-21293356-0','emilio16@gmail.com','Marta','Nieves','Galán','Company',842,19513990,17),
('V-67304988-0','hugo85@hotmail.com','Ramon','Begoña','Losa','Donaire',705,23084258,17),
('V-77077139-3','antonia55@hotmail.com','Yolanda','Rodrigo','Plana','Rivas',1520,2990262,18),
('V-63726901-1','xaguilo@hotmail.com','Tomás','Juan Carlos','Caparrós','Vara',1451,9496115,18),
('V-54615185-6','sevillanovanesa@yahoo.com','Luz','Emilio','Casas','Polo',1266,1705300,19),
('V-75217114-5','mmoreno@gmail.com','Xavier','Luisa','Moll','Atienza',837,14588555,19),
('V-8106391-3','dalvarado@yahoo.com','Joaquin','Cristian','Piñol','Mendez',856,23617717,20),
('V-63872399-0','virginiasebastian@hotmail.com','Purificación','Emilio','Ortega','Expósito',1210,7908203,20),
('V-1867047-2','nataliasainz@gmail.com','Magdalena','Enrique','Águila','Jimenez',917,2715552,21),
('V-22409665-2','remedios67@hotmail.com','Soledad','Francisco','Pazos','Silva',1339,23021206,21),
('V-11279391-4','arivera@hotmail.com','Consuelo','Sonia','Crespo','Bastida',1408,15664455,22),
('V-15482896-4','cocaivan@yahoo.com','Daniel','Purificación','Camacho','Polo',928,9906596,22),
('V-7487085-8','plujan@hotmail.com','Felix','Juan','Maestre','Tomé',693,11622426,23),
('V-25387273-6','mar16@gmail.com','Agustín','Juan José','Solís','Espinosa',1296,15465245,23),
('V-57499078-3','antonia50@hotmail.com','Samuel','Alfonso','Jáuregui','Salcedo',1324,19403869,24),
('V-70518263-1','wmorata@gmail.com','Alex','Cristian','Mate','Poza',927,18781082,24),
('V-22683981-1','monica17@yahoo.com','Belen','Virginia','Jiménez','Sastre',948,9618271,25),
('V-63761412-2','estebanmohamed@gmail.com','Jaime','Andrea','Lloret','Alcolea',1530,17867814,25),
('V-32147440-4','aarrieta@hotmail.com','Ángel','Sofia','Carbajo','Cazorla',1171,21566371,26),
('V-29786198-5','labad@yahoo.com','Patricia','Hugo','Casanova','Peña',1275,8670325,26),
('V-35308216-6','uuria@hotmail.com','Lourdes','Encarnacion','Cifuentes','Baena',572,5483646,27),
('V-34202896-8','morerajulia@hotmail.com','Mariano','Agustín','Llorens','Vera',1030,23395819,27),
('V-1453294-2','enrique08@yahoo.com','Susana','Miguel Ángel','Priego','Morera',811,4202797,28),
('V-23505431-9','oalegria@hotmail.com','Purificación','Jordi','Díez','Gras',1301,2359827,28),
('V-59404671-5','javier00@yahoo.com','Joan','Hector','Mena','Castell',1312,5951513,29),
('V-30586500-4','jose-angel30@yahoo.com','Alberto','Lorenzo','Salinas','Barrera',1594,3367610,29),
('V-53195380-5','francisco-joseesteban@gmail.com','Jordi','Alberto','Villalobos','Palomares',835,11661081,30),
('V-12218727-7','bartolomelourdes@hotmail.com','Gabriel','Jose Miguel','Alcalá','Vaquero',953,6945068,30),
('V-65158314-5','jose-luis05@hotmail.com','Diego','Ines','Rosado','Galván',1028,10421254,31),
('V-22774537-3','dieguezjoan@gmail.com','Alba','Alejandra','Heras','Hervás',661,19061947,31),
('V-72865521-8','bros@gmail.com','Francisco','Josefa','Pera','Porta',816,15029816,32),
('V-53447994-0','angel89@hotmail.com','Remedios','Rafael','Oliveras','Casanovas',631,13459896,32),
('V-29432832-4','cespedesjavier@hotmail.com','Antonio','Aurora','Feijoo','Alcalá',677,10543971,33),
('V-51830372-4','barbaadriana@yahoo.com','Alfredo','Concepción','Costa','Valencia',1105,10238770,33),
('V-66639287-8','rocio97@hotmail.com','Mariano','Esther','Calzada','Garcia',1260,6012332,34),
('V-43718276-7','isabelprado@hotmail.com','Josefina','Alberto','Puente','Alsina',1246,4812650,34),
('V-49827206-7','colomafrancisco-javier@yahoo.com','Sara','Ismael','Bejarano','Torralba',1597,23227909,35),
('V-2187038-1','erobledo@yahoo.com','Alfredo','Jaime','Escribano','Casares',536,7135131,35),
('V-35208571-0','cojeda@hotmail.com','Francisca','Claudia','Palomo','Delgado',1401,5845064,36),
('V-15634711-6','marina75@gmail.com','Olga','Ramon','Antón','Sureda',1122,3736244,36),
('V-59383120-9','basjuan-manuel@yahoo.com','Jose Francisco','Lorena','Codina','Becerra',873,11822615,37),
('V-25049316-3','bjauregui@yahoo.com','Felix','Rocio','Marín','Echeverría',961,12960358,37),
('V-68946844-6','carlos14@gmail.com','Isabel','Ramon','Leiva','Alarcón',1537,10917690,38),
('V-45940659-0','cblazquez@gmail.com','Juan','Miriam','Montoya','Linares',1268,14908221,38),
('V-32971949-8','jpalau@gmail.com','Jose Ramon','María','Marti','Vázquez',1171,9959383,39),
('V-6996729-4','alejandro47@hotmail.com','Catalina','Juan Francisco','Cáceres','Mateu',1026,15515255,39),
('V-87495336-5','amurillo@gmail.com','Sara','Martin','Perea','Tamarit',627,20007379,40),
('V-17962616-7','ninoramon@yahoo.com','Lorenzo','Lorenzo','Lucas','Múgica',843,20643041,40),
('V-90982179-1','torresmohamed@gmail.com','Carlos','Aitor','Robledo','Cabeza',993,7864319,41),
('V-73677990-5','rsomoza@gmail.com','Santiago','Josefa','Roman','Gallardo',1068,24670004,41);

INSERT INTO clientejuridico (cj_rif, cj_email,cj_razsoc,cj_demcom,cj_pagweb,cj_capdis,ti_cod) VALUES
('J-98785851-4','carla25@gmail.com','Mate-Manso','LLCVigil Group','http://salvador.com/',937119,1),
('J-18904309-3','qoliver@yahoo.com','Pareja and Sons','PLCLeal-Robledo','http://www.perello.com/',555652,1),
('J-54657323-1','lagunasara@gmail.com','Oliva Ltd','LtdLlanos LLC','https://gelabert-pedrero.info/',778124,2),
('J-6324004-9','canizaresmireia@yahoo.com','Tolosa-Grande','and SonsLlorens, Díez and Mir','http://www.amores.com/',402396,2),
('J-8048925-2','wbellido@hotmail.com','Serna-Berenguer','and SonsBeltran LLC','http://barriga.net/',148582,3),
('J-47547619-9','virginia78@gmail.com','Rosado Group','IncSastre, Sotelo and Tudela','http://www.tamarit.com/',893164,3),
('J-10049689-4','zmarmol@yahoo.com','Bernad, Gordillo and Lumbreras','and SonsAller-Iniesta','http://castillo.org/',193687,4),
('J-31344868-2','villegasgonzalo@yahoo.com','Anaya, Dueñas and Zamora','PLCAnguita, Grande and Riera','http://maldonado.com/',921225,4),
('J-82823162-1','concepcion03@hotmail.com','Higueras, Ródenas and Peralta','PLCSolé, Arana and Bartolomé','http://serrano-albero.com/',142438,5),
('J-19471045-2','juan-carloscarmona@yahoo.com','Lorenzo, Moles and Hidalgo','PLCAlemany, Porcel and Albero','http://www.vila.com/',946276,5),
('J-52154908-0','gonzalososa@hotmail.com','Yáñez PLC','LtdGonzález-Paz','http://www.terron.org/',815725,6),
('J-51390997-3','roberto92@gmail.com','Casanova Ltd','and SonsLlamas Inc','https://tomas.net/',190811,6),
('J-56619771-8','lorenaarcos@gmail.com','Almazán-Farré','GroupPortero Group','http://www.elorza.com/',471911,7),
('J-37016124-1','lidiagutierrez@hotmail.com','Cabo, Ferrero and Villalba','GroupCastelló-Ferrera','https://www.crespo.org/',601970,7),
('J-19294164-4','aurorabarcelo@hotmail.com','Esparza, Rico and Madrigal','IncBonilla-Exposito','http://www.vall.com/',533539,8),
('J-4452659-4','vicentaferreras@hotmail.com','Llobet, Arcos and Escamilla','and SonsJuan LLC','https://www.zaragoza-noguera.biz/',148884,8),
('J-68571444-0','qvalls@gmail.com','Flores-Macias','IncVázquez Ltd','https://escribano-company.com/',543966,9),
('J-16992469-0','rabril@hotmail.com','Vera Group','PLCChacón Group','https://www.marco.org/',343207,9),
('J-61267196-7','eduardoarenas@gmail.com','Pozuelo-Pizarro','GroupMiranda Ltd','http://www.plana.com/',301098,10),
('J-85279276-0','rioines@yahoo.com','Casares-Olivé','LLCEspinosa PLC','https://gallart-gimenez.org/',440221,10),
('J-56596336-4','castillamar@yahoo.com','Fonseca, Naranjo and Rebollo','LLCFarré-Asenjo','https://escolano.com/',473889,11),
('J-40774295-4','manuelandres@hotmail.com','Borja Group','GroupSaldaña-Giménez','https://www.borja.org/',799535,11),
('J-82627845-6','mbueno@yahoo.com','Serrano-Pavón','and SonsBeltran-Falcó','https://pinol.com/',541060,12),
('J-17166907-9','sbenitez@hotmail.com','Riera, Sainz and Castro','GroupMerino-Ferreras','http://echeverria.net/',312956,12),
('J-59606091-3','priegohector@gmail.com','Garzón-Palomo','IncUreña-Jurado','https://espinosa-urena.org/',200104,13),
('J-42918085-9','calderonmilagros@gmail.com','Agudo, Molins and Fuster','IncOtero-Quirós','https://www.diez.com/',642715,13),
('J-17297026-7','sandra93@yahoo.com','Jurado Group','PLCMesa, Fábregas and Sarabia','https://marti.biz/',905593,14),
('J-65095746-6','maria70@gmail.com','Pont, Francisco and Acedo','LtdBoix LLC','https://mate.net/',589541,14),
('J-12736729-4','xaviermarin@hotmail.com','Pons-Tena','PLCEspañol-Roldan','http://quintana-lozano.com/',909032,15),
('J-86725207-1','gema82@yahoo.com','Rosell-Manzanares','and SonsPerez, Cabrera and Jáuregui','https://www.pujol-sanchez.com/',438514,15),
('J-54517393-4','xtejada@hotmail.com','Bravo-Novoa','PLCLlano-Romeu','http://jimenez.info/',302895,16),
('J-53310739-1','pintoralejandro@yahoo.com','Manzanares-Benet','PLCSerrano-Mayoral','https://bauza.com/',653800,16),
('J-48397239-2','bellojosefa@hotmail.com','Tudela, Torrent and Berrocal','and SonsPomares, Alba and Blázquez','http://www.julia.com/',743035,17),
('J-11171408-2','vallsdomingo@yahoo.com','Verdú-Maldonado','LLCCriado PLC','http://www.alvarez.com/',490165,17),
('J-49351185-0','victoria88@yahoo.com','Alcaraz-Cañizares','LLCNogués and Sons','https://calvo-jordan.com/',802031,18),
('J-41580282-1','jose-maria24@gmail.com','Revilla-Jordán','LtdJaume Inc','https://leon-guerrero.com/',911355,18),
('J-4886547-6','franciscocasals@yahoo.com','Lerma-Garcés','and SonsRoyo-Montoya','http://uria-leon.com/',514219,19),
('J-17989621-4','jesus42@hotmail.com','Frías PLC','and SonsPosada Ltd','https://www.alamo.com/',782189,19),
('J-31779997-0','guillermo68@hotmail.com','Gonzalo-Almagro','GroupPeña-Prat','https://www.iriarte.com/',269572,20),
('J-14550052-8','iaguilo@hotmail.com','Vara-Tello','IncPedrosa LLC','http://pons-escribano.biz/',957427,20),
('J-19645808-9','juan-carlosespanol@yahoo.com','Arranz, Cervera and Barros','LtdCarrillo PLC','https://ortuno-pi.net/',895722,21),
('J-11446803-9','gloria59@gmail.com','Chico-Bautista','PLCVega Ltd','https://caceres.com/',833430,21),
('J-54693786-2','catalina58@hotmail.com','Vilalta Group','LtdRubio Inc','http://juarez.com/',543881,22),
('J-47411133-7','morarafael@yahoo.com','Arnal Group','IncNogués PLC','https://www.novoa-rosado.net/',427095,22),
('J-55638167-3','irenerozas@hotmail.com','Manso, Piñeiro and Fuertes','and SonsFranco Ltd','http://bru.net/',754254,23),
('J-65947878-3','gverdejo@yahoo.com','Vall, Galan and Valencia','PLCIriarte-Casares','http://gelabert.com/',164956,23),
('J-75248633-6','cristianpeiro@gmail.com','Ros-Hoyos','IncManso-Arce','http://www.ramirez.com/',601818,24),
('J-13568779-6','miguel-angel57@gmail.com','Berenguer-Oliveras','GroupCastelló Ltd','https://conde-amaya.com/',960220,24),
('J-47128927-1','borregofernando@yahoo.com','Rojas-Planas','GroupOlivé-Adadia','http://revilla.com/',307622,25),
('J-72357669-0','sanzignacio@gmail.com','Roma, Borrás and Manso','LtdBarral PLC','https://www.perea.org/',314183,25),
('J-61491235-7','ypla@gmail.com','Pacheco-Lobo','LLCBatalla-Tejero','http://www.vina.com/',310416,26),
('J-8771842-0','juana30@yahoo.com','Pol PLC','LtdAliaga-Miralles','https://www.oliveras.com/',688882,26),
('J-93514303-4','noeliasalmeron@hotmail.com','Guijarro, Baquero and Palomares','PLCAmorós-Cuervo','https://www.lasa.info/',491298,27),
('J-96615537-7','andreaagustin@hotmail.com','Gaya, Rosado and Tomás','GroupCuadrado and Sons','https://www.nebot-roldan.biz/',575648,27),
('J-19903546-2','virginia14@hotmail.com','Jurado Inc','IncAlcántara-Rocamora','http://adadia.com/',787008,28),
('J-93689012-6','camachomercedes@gmail.com','Vázquez, Barreda and Porcel','LtdCorrea and Sons','http://alberdi-pelayo.com/',237132,28),
('J-83186867-9','carellano@yahoo.com','Pina Group','IncDonaire-Díez','https://mesa.com/',173325,29),
('J-92772906-3','rtrillo@hotmail.com','Velasco and Sons','PLCAzcona-Acedo','https://pedraza.com/',416669,29),
('J-90469618-3','pereravirginia@hotmail.com','Jerez, Román and Anguita','LtdJáuregui-Villena','http://riera.com/',134690,30),
('J-2119962-1','msevilla@yahoo.com','Valera and Sons','IncVila-Bonilla','https://www.galiano-moreno.com/',780420,30),
('J-93389435-3','jose-miguelgelabert@hotmail.com','Roma Ltd','GroupRamirez-Segarra','https://www.padilla-andrade.biz/',973295,31),
('J-51353964-7','felipe93@hotmail.com','Valbuena-Chacón','and SonsLobato Inc','https://www.varela-campo.com/',311811,31),
('J-64906365-9','sara65@hotmail.com','Cárdenas, Villegas and Arregui','and SonsBustos Ltd','http://campos-vazquez.org/',293062,32),
('J-41875104-0','sofiagonzalez@yahoo.com','Izquierdo-Salmerón','PLCPereira Ltd','https://www.girona.biz/',161415,32),
('J-3890308-8','jose-angelcarvajal@yahoo.com','Cortina PLC','LtdOtero and Sons','https://www.gil-rosa.com/',233009,33),
('J-86847981-8','juan-luisfiguerola@gmail.com','Barral PLC','PLCLobo, Márquez and Crespi','http://www.alvarado-salazar.biz/',206743,33),
('J-44244739-8','esastre@hotmail.com','Arcos, Galán and Blasco','LtdAlmansa-Alfaro','https://www.castellanos.org/',111239,34),
('J-36873491-4','jpintor@hotmail.com','Reig LLC','GroupMayo, Sureda and Torrijos','https://www.solano.com/',707329,34),
('J-99023730-8','bcabrera@yahoo.com','Cabello LLC','LLCValcárcel-Zabaleta','https://mateu-llabres.org/',619255,35),
('J-14889567-2','grandeines@gmail.com','Olivera, Miralles and Melero','and SonsCanals, Espada and Vilaplana','https://www.mateo.com/',879427,35),
('J-91074475-5','alcazarsebastian@hotmail.com','Caballero LLC','GroupPinilla-Garrido','https://campo.info/',236716,36),
('J-42002344-3','baguilo@yahoo.com','Alberdi, Cano and Maza','PLCEcheverría and Sons','https://www.roig.com/',136294,36),
('J-29931947-1','ramonlobato@yahoo.com','Peláez Group','and SonsUgarte-Olmedo','http://www.cases.com/',830553,37),
('J-11096719-3','ysimo@yahoo.com','Taboada Ltd','PLCRius-Cantón','https://aguado.com/',315702,37),
('J-22137784-6','barreraangel@gmail.com','Cañellas-Domingo','GroupVera Inc','https://www.elias.com/',157688,38),
('J-65831710-1','lucia46@hotmail.com','Díaz-Abella','LtdHernandez and Sons','https://tome.com/',707816,38),
('J-27823701-2','nalcazar@hotmail.com','Bravo Group','and SonsVillalba, Marquez and Segovia','http://www.galiano-pera.com/',129927,39),
('J-58582458-9','tsabater@gmail.com','Guardiola-Pinilla','and SonsCarballo-Peinado','https://perello.com/',679936,39),
('J-48179493-9','nogueirapedro@hotmail.com','Zapata, Porras and Ruano','GroupCañellas, Feliu and Trillo','https://jodar.net/',328013,40),
('J-13294284-9','juanmartin@gmail.com','Royo Ltd','and SonsCuenca-Salinas','https://www.murcia.com/',673416,40),
('J-95091128-9','juana93@gmail.com','Prieto-Mosquera','IncPosada-Valverde','http://canellas-navas.com/',692506,41),
('J-97467804-8','jortiz@yahoo.com','Zabaleta-Anaya','GroupOlivares, Cámara and Torrents','http://escobar-andrade.info/',879099,41);

INSERT INTO departamento (d_nombre,ti_cod) VALUES
('Ventas en Linea',1),
('Talento Humano',1),
('Despacho',1),
('Entrega',1),
('Pedidos Internos',1),
('Ventas en Linea',2),
('Talento Humano',2),
('Despacho',2),
('Entrega',2),
('Pedidos Internos',2),
('Ventas en Linea',3),
('Talento Humano',3),
('Despacho',3),
('Entrega',3),
('Pedidos Internos',3),
('Ventas en Linea',4),
('Talento Humano',4),
('Despacho',4),
('Entrega',4),
('Pedidos Internos',4),
('Ventas en Linea',5),
('Talento Humano',5),
('Despacho',5),
('Entrega',5),
('Pedidos Internos',5),
('Ventas en Linea',6),
('Talento Humano',6),
('Despacho',6),
('Entrega',6),
('Pedidos Internos',6),
('Ventas en Linea',7),
('Talento Humano',7),
('Despacho',7),
('Entrega',7),
('Pedidos Internos',7),
('Ventas en Linea',8),
('Talento Humano',8),
('Despacho',8),
('Entrega',8),
('Pedidos Internos',8),
('Ventas en Linea',9),
('Talento Humano',9),
('Despacho',9),
('Entrega',9),
('Pedidos Internos',9),
('Ventas en Linea',10),
('Talento Humano',10),
('Despacho',10),
('Entrega',10),
('Pedidos Internos',10),
('Ventas en Linea',11),
('Talento Humano',11),
('Despacho',11),
('Entrega',11),
('Pedidos Internos',11),
('Ventas en Linea',12),
('Talento Humano',12),
('Despacho',12),
('Entrega',12),
('Pedidos Internos',12),
('Ventas en Linea',13),
('Talento Humano',13),
('Despacho',13),
('Entrega',13),
('Pedidos Internos',13),
('Ventas en Linea',14),
('Talento Humano',14),
('Despacho',14),
('Entrega',14),
('Pedidos Internos',14),
('Ventas en Linea',15),
('Talento Humano',15),
('Despacho',15),
('Entrega',15),
('Pedidos Internos',15),
('Ventas en Linea',16),
('Talento Humano',16),
('Despacho',16),
('Entrega',16),
('Pedidos Internos',16),
('Ventas en Linea',17),
('Talento Humano',17),
('Despacho',17),
('Entrega',17),
('Pedidos Internos',17),
('Ventas en Linea',18),
('Talento Humano',18),
('Despacho',18),
('Entrega',18),
('Pedidos Internos',18),
('Ventas en Linea',19),
('Talento Humano',19),
('Despacho',19),
('Entrega',19),
('Pedidos Internos',19),
('Ventas en Linea',20),
('Talento Humano',20),
('Despacho',20),
('Entrega',20),
('Pedidos Internos',20),
('Ventas en Linea',21),
('Talento Humano',21),
('Despacho',21),
('Entrega',21),
('Pedidos Internos',21),
('Ventas en Linea',22),
('Talento Humano',22),
('Despacho',22),
('Entrega',22),
('Pedidos Internos',22),
('Ventas en Linea',23),
('Talento Humano',23),
('Despacho',23),
('Entrega',23),
('Pedidos Internos',23),
('Ventas en Linea',24),
('Talento Humano',24),
('Despacho',24),
('Entrega',24),
('Pedidos Internos',24),
('Ventas en Linea',25),
('Talento Humano',25),
('Despacho',25),
('Entrega',25),
('Pedidos Internos',25),
('Ventas en Linea',26),
('Talento Humano',26),
('Despacho',26),
('Entrega',26),
('Pedidos Internos',26),
('Ventas en Linea',27),
('Talento Humano',27),
('Despacho',27),
('Entrega',27),
('Pedidos Internos',27),
('Ventas en Linea',28),
('Talento Humano',28),
('Despacho',28),
('Entrega',28),
('Pedidos Internos',28),
('Ventas en Linea',29),
('Talento Humano',29),
('Despacho',29),
('Entrega',29),
('Pedidos Internos',29),
('Ventas en Linea',30),
('Talento Humano',30),
('Despacho',30),
('Entrega',30),
('Pedidos Internos',30),
('Ventas en Linea',31),
('Talento Humano',31),
('Despacho',31),
('Entrega',31),
('Pedidos Internos',31),
('Ventas en Linea',32),
('Talento Humano',32),
('Despacho',32),
('Entrega',32),
('Pedidos Internos',32),
('Ventas en Linea',33),
('Talento Humano',33),
('Despacho',33),
('Entrega',33),
('Pedidos Internos',33),
('Ventas en Linea',34),
('Talento Humano',34),
('Despacho',34),
('Entrega',34),
('Pedidos Internos',34),
('Ventas en Linea',35),
('Talento Humano',35),
('Despacho',35),
('Entrega',35),
('Pedidos Internos',35),
('Ventas en Linea',36),
('Talento Humano',36),
('Despacho',36),
('Entrega',36),
('Pedidos Internos',36),
('Ventas en Linea',37),
('Talento Humano',37),
('Despacho',37),
('Entrega',37),
('Pedidos Internos',37),
('Ventas en Linea',38),
('Talento Humano',38),
('Despacho',38),
('Entrega',38),
('Pedidos Internos',38),
('Ventas en Linea',39),
('Talento Humano',39),
('Despacho',39),
('Entrega',39),
('Pedidos Internos',39),
('Ventas en Linea',40),
('Talento Humano',40),
('Despacho',40),
('Entrega',40),
('Pedidos Internos',40),
('Ventas en Linea',41),
('Talento Humano',41),
('Despacho',41),
('Entrega',41),
('Pedidos Internos',41);

INSERT INTO jur_lug (l_id,cj_id,jl_tipo) VALUES
(1450,1,'fiscal'),
(493,1,'fisica'),
(1473,2,'fiscal'),
(879,2,'fisica'),
(845,3,'fiscal'),
(1588,3,'fisica'),
(1562,4,'fiscal'),
(1262,4,'fisica'),
(1011,5,'fiscal'),
(577,5,'fisica'),
(1515,6,'fiscal'),
(554,6,'fisica'),
(1458,7,'fiscal'),
(1514,7,'fisica'),
(837,8,'fiscal'),
(558,8,'fisica'),
(806,9,'fiscal'),
(1394,9,'fisica'),
(1259,10,'fiscal'),
(1379,10,'fisica'),
(1129,11,'fiscal'),
(648,11,'fisica'),
(521,12,'fiscal'),
(860,12,'fisica'),
(576,13,'fiscal'),
(1322,13,'fisica'),
(471,14,'fiscal'),
(747,14,'fisica'),
(1228,15,'fiscal'),
(817,15,'fisica'),
(688,16,'fiscal'),
(1221,16,'fisica'),
(1518,17,'fiscal'),
(530,17,'fisica'),
(744,18,'fiscal'),
(924,18,'fisica'),
(1411,19,'fiscal'),
(512,19,'fisica'),
(662,20,'fiscal'),
(1486,20,'fisica'),
(876,21,'fiscal'),
(1348,21,'fisica'),
(975,22,'fiscal'),
(799,22,'fisica'),
(1178,23,'fiscal'),
(1304,23,'fisica'),
(1364,24,'fiscal'),
(1578,24,'fisica'),
(1388,25,'fiscal'),
(605,25,'fisica'),
(850,26,'fiscal'),
(545,26,'fisica'),
(1532,27,'fiscal'),
(1490,27,'fisica'),
(1334,28,'fiscal'),
(690,28,'fisica'),
(467,29,'fiscal'),
(1325,29,'fisica'),
(883,30,'fiscal'),
(1348,30,'fisica'),
(785,31,'fiscal'),
(1200,31,'fisica'),
(1071,32,'fiscal'),
(953,32,'fisica'),
(953,33,'fiscal'),
(1206,33,'fisica'),
(1025,34,'fiscal'),
(1524,34,'fisica'),
(661,35,'fiscal'),
(1382,35,'fisica'),
(703,36,'fiscal'),
(743,36,'fisica'),
(1540,37,'fiscal'),
(959,37,'fisica'),
(1258,38,'fiscal'),
(1207,38,'fisica'),
(717,39,'fiscal'),
(1055,39,'fisica'),
(1594,40,'fiscal'),
(1244,40,'fisica'),
(848,41,'fiscal'),
(671,41,'fisica'),
(1377,42,'fiscal'),
(587,42,'fisica'),
(1521,43,'fiscal'),
(1466,43,'fisica'),
(1456,44,'fiscal'),
(877,44,'fisica'),
(1591,45,'fiscal'),
(472,45,'fisica'),
(1222,46,'fiscal'),
(1595,46,'fisica'),
(1134,47,'fiscal'),
(1143,47,'fisica'),
(1573,48,'fiscal'),
(718,48,'fisica'),
(1564,49,'fiscal'),
(953,49,'fisica'),
(1147,50,'fiscal'),
(838,50,'fisica'),
(581,51,'fiscal'),
(965,51,'fisica'),
(1079,52,'fiscal'),
(1353,52,'fisica'),
(1231,53,'fiscal'),
(1211,53,'fisica'),
(1251,54,'fiscal'),
(1009,54,'fisica'),
(1257,55,'fiscal'),
(974,55,'fisica'),
(764,56,'fiscal'),
(663,56,'fisica'),
(1367,57,'fiscal'),
(748,57,'fisica'),
(1519,58,'fiscal'),
(642,58,'fisica'),
(798,59,'fiscal'),
(1398,59,'fisica'),
(875,60,'fiscal'),
(481,60,'fisica'),
(786,61,'fiscal'),
(763,61,'fisica'),
(1526,62,'fiscal'),
(494,62,'fisica'),
(1261,63,'fiscal'),
(1434,63,'fisica'),
(1263,64,'fiscal'),
(1495,64,'fisica'),
(1476,65,'fiscal'),
(1259,65,'fisica'),
(1427,66,'fiscal'),
(859,66,'fisica'),
(753,67,'fiscal'),
(1377,67,'fisica'),
(1583,68,'fiscal'),
(813,68,'fisica'),
(1032,69,'fiscal'),
(670,69,'fisica'),
(778,70,'fiscal'),
(1154,70,'fisica'),
(970,71,'fiscal'),
(1332,71,'fisica'),
(818,72,'fiscal'),
(1252,72,'fisica'),
(907,73,'fiscal'),
(478,73,'fisica'),
(503,74,'fiscal'),
(1265,74,'fisica'),
(477,75,'fiscal'),
(1186,75,'fisica'),
(1185,76,'fiscal'),
(1530,76,'fisica'),
(1311,77,'fiscal'),
(1372,77,'fisica'),
(1594,78,'fiscal'),
(725,78,'fisica'),
(1244,79,'fiscal'),
(915,79,'fisica'),
(831,80,'fiscal'),
(1550,80,'fisica'),
(891,81,'fiscal'),
(1430,81,'fisica'),
(718,82,'fiscal'),
(1201,82,'fisica');

INSERT INTO empleado (e_nombre, e_apellido,e_ci,e_salario,ti_id) VALUES
('Raquel','Gallart',6310252,86238,1),
('Vicente','Sandoval',18812928,61050,1),
('Gonzalo','Mariño',21285180,58953,1),
('Francisca','Cervera',16816999,34669,1),
('Hugo','Boada',4011384,75145,2),
('Noelia','Bosch',18896147,90462,2),
('Rodrigo','Escalona',5546560,20118,2),
('Belen','Lastra',12279913,49170,2),
('Olga','Cerro',1285311,15281,3),
('Eva','Losada',12104192,14148,3),
('Marina','Calvet',18020959,21689,3),
('Rodrigo','Hernando',1831955,55518,3),
('Alejandro','Blanch',10841893,45590,4),
('Eva','Infante',13203789,49055,4),
('Jose Ramon','Mayo',18795132,58052,4),
('Andrea','Reyes',18626282,90498,4),
('Josefa','Diéguez',6855303,92671,5),
('Soledad','Sáenz',21763020,53340,5),
('Ruben','Nogueira',18196183,76900,5),
('Jesús','Estévez',4086164,65575,5),
('Fernando','Pla',10268072,13512,6),
('Sonia','López',10641685,37183,6),
('Ruben','Briones',15318063,59180,6),
('Clara','Quirós',16491105,77923,6),
('Lorenzo','Cabrera',12236167,52607,7),
('Lidia','Martínez',3711138,72685,7),
('Natalia','Hurtado',5364609,35617,7),
('Victor Manuel','Carbajo',14540473,14564,7),
('Santiago','Peral',17995354,23794,8),
('Pilar','Boix',4785196,52792,8),
('Mar','Santos',20903796,60800,8),
('Enrique','Casanovas',18186366,82198,8),
('Mercedes','Serrano',2287535,96287,9),
('Joan','Rubio',11176325,97979,9),
('Sara','Agustín',3581848,79732,9),
('Felipe','Vallés',6329169,67559,9),
('Albert','Jerez',5788100,68448,10),
('Jose Maria','Peral',16292604,75433,10),
('Victor','Rodríguez',19318498,31548,10),
('Joaquin','Vega',17350620,36560,10),
('Gonzalo','Caballero',21089962,50084,11),
('Cristian','Meléndez',15062403,84463,11),
('Julia','Mate',20990010,46494,11),
('Alba','Ribas',6768217,85572,11),
('Aurora','Julián',21605151,85062,12),
('Juan Francisco','Pina',10978744,71689,12),
('Paula','Ricart',20032625,10809,12),
('Julia','Benavente',13331967,92653,12),
('Aurora','Rivero',15472829,16281,13),
('Irene','Bustamante',3567512,55010,13),
('Alfonso','Calderón',1090413,16644,13),
('Patricia','Nogués',13007329,18008,13),
('María','Sanchez',2696127,37769,14),
('Inmaculada','Diaz',8713950,88400,14),
('Nieves','Cabello',11665680,82819,14),
('Jose Carlos','Vigil',7428826,30538,14),
('Carmen','Piquer',18810592,37675,15),
('Antonia','Corbacho',13607837,49614,15),
('Mar','Gisbert',13140255,66546,15),
('Jose Manuel','Palacio',13417392,25388,15),
('Alfonso','Romero',5516713,73912,16),
('Óscar','Porcel',18252077,91732,16),
('Laura','Casal',12505764,22654,16),
('Mónica','Conesa',21681795,50496,16),
('Mireia','Viana',18621897,98994,17),
('Lourdes','Guillen',2036079,17356,17),
('Ines','Ferrando',8567643,90303,17),
('Juan José','Caro',2658389,75130,17),
('Francisca','Valero',5161331,60603,18),
('Gloria','Tejada',2508841,79484,18),
('Lidia','Garriga',4435230,79989,18),
('Julian','Bárcena',18450651,87122,18),
('Remedios','Verdú',2256296,74184,19),
('Alvaro','Perales',5444092,11253,19),
('Albert','Olivares',12287400,65189,19),
('David','Gutiérrez',4234430,97434,19),
('Luís','Cobos',12093220,43809,20),
('Luz','Pizarro',19366911,43980,20),
('Inmaculada','Bravo',18142717,10332,20),
('Dolores','Hernandez',12340785,57097,20),
('Ivan','Agustín',1667366,82347,21),
('María','Vila',1292036,28953,21),
('Josefina','Alvarado',21469105,55737,21),
('Ángeles','Lobato',9552200,59138,21),
('Hugo','Muñoz',2072396,91759,22),
('Fátima','Quintana',8769249,66729,22),
('Alba','Guzmán',13816671,17898,22),
('Felipe','Palau',18765738,20283,22),
('Andrés','Méndez',20339248,51773,23),
('Javier','Fiol',16911291,76264,23),
('Aurora','Larrañaga',21027874,10667,23),
('Hector','Samper',13454960,15360,23),
('Guillermo','Bueno',18265787,54334,24),
('Nicolás','Ayuso',21289065,19578,24),
('Luz','Narváez',9084701,92243,24),
('Esther','Aranda',15618586,51900,24),
('Rodrigo','Elías',6834680,66246,25),
('Ruben','Orozco',4130864,78706,25),
('Gonzalo','Alsina',13101258,59160,25),
('Cristina','Mata',11142024,24069,25),
('Irene','Márquez',4116462,39193,26),
('Margarita','Quintero',8032490,52131,26),
('Ismael','Grande',4069537,24147,26),
('Ivan','Yuste',8519103,91273,26),
('Gregorio','Baquero',16675338,40968,27),
('Julia','Matas',9163100,24547,27),
('Marcos','Juárez',20166644,19579,27),
('Teresa','Mariño',7915943,63971,27),
('Josefa','Narváez',5175863,16097,28),
('Verónica','Benítez',9382868,97451,28),
('Juan Antonio','Aragón',17260384,62648,28),
('Andrés','Cabello',10340113,50287,28),
('Luis Miguel','Cardona',17804692,88509,29),
('Miriam','Perera',20296295,65914,29),
('Daniela','Lobato',18070778,67079,29),
('Juan José','Morales',13508285,86513,29),
('Natalia','Román',21801314,78175,30),
('Ismael','Quintana',19399713,74258,30),
('Adriana','Luján',10255282,66478,30),
('Luz','Santamaria',11043283,36480,30),
('Aurora','Arrieta',16473184,23805,31),
('Virginia','Mir',16851135,43027,31),
('Sara','Barberá',17165449,98885,31),
('Rosa','Marquez',12580881,67377,31),
('Jose Carlos','Iglesias',11775401,19855,32),
('Vanesa','Navas',8179609,58521,32),
('Sofia','Mariscal',1725343,25015,32),
('Esther','Piñol',7397190,88491,32),
('Manuel','Cazorla',6301206,92045,33),
('Carla','Collado',9910133,41333,33),
('Noelia','Bonilla',4073753,57236,33),
('Mar','Nicolau',12037229,23042,33),
('Magdalena','Arroyo',1560787,83208,34),
('Rodrigo','Castrillo',18540423,47269,34),
('Raul','Valenzuela',10480533,36680,34),
('Alfonso','Marín',7668059,37461,34),
('Enrique','Alsina',19953733,95667,35),
('Esther','Alcázar',8279502,69096,35),
('Emilio','Solsona',17648802,27941,35),
('Alfredo','Bauzà',12937030,87605,35),
('Francisco Jose','Galvez',9574332,48382,36),
('Victor Manuel','Ribes',19685103,54746,36),
('Rosario','España',17436583,15300,36),
('Marina','Blázquez',13518836,13047,36),
('Marina','Arnal',20311146,29210,37),
('Daniela','Martin',11076483,78569,37),
('Mohamed','Cifuentes',15979151,93254,37),
('Ramon','Bellido',17551052,19050,37),
('Amparo','Marti',9681337,37968,38),
('Eduardo','Angulo',12855561,98343,38),
('Andrés','Olivares',4954640,78577,38),
('Jorge','Córdoba',4025310,76887,38),
('Jose Manuel','Buendía',11246797,96778,39),
('Cesar','Tormo',10509434,71377,39),
('Celia','Puig',3769487,12939,39),
('Enrique','Ibarra',18020345,82857,39),
('Miriam','Comas',11765153,71132,40),
('Alfredo','Ángel',12958523,96671,40),
('Julian','Solsona',11291682,63615,40),
('Antonia','Gonzalo',8945983,83813,40),
('Josep','Vázquez',14791187,22386,41),
('Gabriel','Losa',1922570,53493,41),
('Hector','Alemany',6834073,80179,41),
('Aurora','Caballero',11077991,61099,41);

INSERT INTO inventario (i_cant,p_id,ti_id,an_id) VALUES
(900,1,1,1),
(558,2,1,1),
(365,3,1,1),
(415,4,1,1),
(373,5,1,1),
(676,6,1,1),
(620,7,1,1),
(782,8,1,1),
(704,9,1,1),
(410,10,1,1),
(868,1,2,2),
(378,2,2,2),
(447,3,2,2),
(783,4,2,2),
(897,5,2,2),
(499,6,2,2),
(542,7,2,2),
(379,8,2,2),
(455,9,2,2),
(881,10,2,2),
(463,1,3,3),
(964,2,3,3),
(799,3,3,3),
(397,4,3,3),
(816,5,3,3),
(918,6,3,3),
(388,7,3,3),
(567,8,3,3),
(873,9,3,3),
(863,10,3,3),
(876,1,4,4),
(386,2,4,4),
(999,3,4,4),
(893,4,4,4),
(847,5,4,4),
(917,6,4,4),
(667,7,4,4),
(468,8,4,4),
(496,9,4,4),
(706,10,4,4),
(478,1,5,5),
(351,2,5,5),
(515,3,5,5),
(837,4,5,5),
(555,5,5,5),
(896,6,5,5),
(710,7,5,5),
(831,8,5,5),
(395,9,5,5),
(477,10,5,5),
(493,1,6,6),
(537,2,6,6),
(637,3,6,6),
(976,4,6,6),
(807,5,6,6),
(633,6,6,6),
(671,7,6,6),
(423,8,6,6),
(544,9,6,6),
(675,10,6,6),
(964,1,7,7),
(944,2,7,7),
(687,3,7,7),
(448,4,7,7),
(902,5,7,7),
(881,6,7,7),
(832,7,7,7),
(436,8,7,7),
(734,9,7,7),
(449,10,7,7),
(473,1,8,8),
(612,2,8,8),
(690,3,8,8),
(908,4,8,8),
(993,5,8,8),
(813,6,8,8),
(763,7,8,8),
(950,8,8,8),
(409,9,8,8),
(925,10,8,8),
(847,1,9,9),
(667,2,9,9),
(916,3,9,9),
(854,4,9,9),
(481,5,9,9),
(463,6,9,9),
(622,7,9,9),
(373,8,9,9),
(904,9,9,9),
(674,10,9,9),
(472,1,10,10),
(376,2,10,10),
(842,3,10,10),
(679,4,10,10),
(651,5,10,10),
(383,6,10,10),
(392,7,10,10),
(617,8,10,10),
(916,9,10,10),
(655,10,10,10),
(646,1,11,11),
(969,2,11,11),
(596,3,11,11),
(450,4,11,11),
(640,5,11,11),
(500,6,11,11),
(849,7,11,11),
(577,8,11,11),
(674,9,11,11),
(357,10,11,11),
(460,1,12,12),
(965,2,12,12),
(696,3,12,12),
(908,4,12,12),
(508,5,12,12),
(639,6,12,12),
(818,7,12,12),
(686,8,12,12),
(731,9,12,12),
(642,10,12,12),
(597,1,13,13),
(937,2,13,13),
(459,3,13,13),
(562,4,13,13),
(814,5,13,13),
(413,6,13,13),
(853,7,13,13),
(729,8,13,13),
(637,9,13,13),
(763,10,13,13),
(691,1,14,14),
(390,2,14,14),
(930,3,14,14),
(561,4,14,14),
(774,5,14,14),
(747,6,14,14),
(385,7,14,14),
(954,8,14,14),
(928,9,14,14),
(414,10,14,14),
(361,1,15,15),
(620,2,15,15),
(998,3,15,15),
(703,4,15,15),
(880,5,15,15),
(525,6,15,15),
(754,7,15,15),
(902,8,15,15),
(537,9,15,15),
(468,10,15,15),
(749,1,16,16),
(355,2,16,16),
(442,3,16,16),
(583,4,16,16),
(458,5,16,16),
(407,6,16,16),
(891,7,16,16),
(430,8,16,16),
(870,9,16,16),
(411,10,16,16),
(456,1,17,17),
(627,2,17,17),
(964,3,17,17),
(884,4,17,17),
(850,5,17,17),
(716,6,17,17),
(719,7,17,17),
(452,8,17,17),
(996,9,17,17),
(929,10,17,17),
(829,1,18,18),
(564,2,18,18),
(402,3,18,18),
(641,4,18,18),
(369,5,18,18),
(898,6,18,18),
(609,7,18,18),
(929,8,18,18),
(626,9,18,18),
(963,10,18,18),
(505,1,19,19),
(565,2,19,19),
(497,3,19,19),
(994,4,19,19),
(599,5,19,19),
(919,6,19,19),
(827,7,19,19),
(958,8,19,19),
(988,9,19,19),
(781,10,19,19),
(401,1,20,20),
(432,2,20,20),
(944,3,20,20),
(929,4,20,20),
(353,5,20,20),
(357,6,20,20),
(821,7,20,20),
(418,8,20,20),
(806,9,20,20),
(351,10,20,20),
(644,1,21,21),
(828,2,21,21),
(532,3,21,21),
(840,4,21,21),
(353,5,21,21),
(988,6,21,21),
(886,7,21,21),
(490,8,21,21),
(668,9,21,21),
(692,10,21,21),
(482,1,22,22),
(616,2,22,22),
(897,3,22,22),
(535,4,22,22),
(978,5,22,22),
(574,6,22,22),
(635,7,22,22),
(769,8,22,22),
(708,9,22,22),
(951,10,22,22),
(909,1,23,23),
(569,2,23,23),
(995,3,23,23),
(557,4,23,23),
(827,5,23,23),
(489,6,23,23),
(523,7,23,23),
(876,8,23,23),
(941,9,23,23),
(595,10,23,23),
(477,1,24,24),
(388,2,24,24),
(921,3,24,24),
(840,4,24,24),
(399,5,24,24),
(374,6,24,24),
(453,7,24,24),
(771,8,24,24),
(790,9,24,24),
(494,10,24,24),
(888,1,25,25),
(473,2,25,25),
(399,3,25,25),
(464,4,25,25),
(655,5,25,25),
(451,6,25,25),
(975,7,25,25),
(682,8,25,25),
(661,9,25,25),
(589,10,25,25),
(389,1,26,26),
(419,2,26,26),
(504,3,26,26),
(577,4,26,26),
(893,5,26,26),
(572,6,26,26),
(653,7,26,26),
(933,8,26,26),
(748,9,26,26),
(821,10,26,26),
(371,1,27,27),
(566,2,27,27),
(494,3,27,27),
(948,4,27,27),
(399,5,27,27),
(812,6,27,27),
(559,7,27,27),
(405,8,27,27),
(548,9,27,27),
(367,10,27,27),
(493,1,28,28),
(387,2,28,28),
(934,3,28,28),
(750,4,28,28),
(503,5,28,28),
(584,6,28,28),
(452,7,28,28),
(464,8,28,28),
(413,9,28,28),
(603,10,28,28),
(940,1,29,29),
(612,2,29,29),
(730,3,29,29),
(643,4,29,29),
(649,5,29,29),
(552,6,29,29),
(446,7,29,29),
(542,8,29,29),
(695,9,29,29),
(922,10,29,29),
(607,1,30,30),
(564,2,30,30),
(738,3,30,30),
(999,4,30,30),
(836,5,30,30),
(368,6,30,30),
(462,7,30,30),
(687,8,30,30),
(499,9,30,30),
(966,10,30,30),
(623,1,31,31),
(576,2,31,31),
(684,3,31,31),
(619,4,31,31),
(959,5,31,31),
(909,6,31,31),
(816,7,31,31),
(834,8,31,31),
(669,9,31,31),
(817,10,31,31),
(462,1,32,32),
(583,2,32,32),
(691,3,32,32),
(547,4,32,32),
(804,5,32,32),
(688,6,32,32),
(943,7,32,32),
(678,8,32,32),
(415,9,32,32),
(709,10,32,32),
(373,1,33,33),
(879,2,33,33),
(397,3,33,33),
(513,4,33,33),
(374,5,33,33),
(380,6,33,33),
(688,7,33,33),
(402,8,33,33),
(643,9,33,33),
(747,10,33,33),
(425,1,34,34),
(539,2,34,34),
(973,3,34,34),
(362,4,34,34),
(789,5,34,34),
(401,6,34,34),
(568,7,34,34),
(384,8,34,34),
(693,9,34,34),
(594,10,34,34),
(579,1,35,35),
(707,2,35,35),
(367,3,35,35),
(585,4,35,35),
(908,5,35,35),
(523,6,35,35),
(465,7,35,35),
(729,8,35,35),
(452,9,35,35),
(671,10,35,35),
(578,1,36,36),
(447,2,36,36),
(477,3,36,36),
(489,4,36,36),
(491,5,36,36),
(802,6,36,36),
(923,7,36,36),
(785,8,36,36),
(708,9,36,36),
(461,10,36,36),
(843,1,37,37),
(496,2,37,37),
(363,3,37,37),
(429,4,37,37),
(569,5,37,37),
(760,6,37,37),
(731,7,37,37),
(644,8,37,37),
(590,9,37,37),
(523,10,37,37),
(396,1,38,38),
(821,2,38,38),
(441,3,38,38),
(481,4,38,38),
(484,5,38,38),
(427,6,38,38),
(972,7,38,38),
(768,8,38,38),
(997,9,38,38),
(679,10,38,38),
(588,1,39,39),
(554,2,39,39),
(434,3,39,39),
(920,4,39,39),
(767,5,39,39),
(476,6,39,39),
(841,7,39,39),
(595,8,39,39),
(853,9,39,39),
(661,10,39,39),
(609,1,40,40),
(504,2,40,40),
(486,3,40,40),
(462,4,40,40),
(996,5,40,40),
(377,6,40,40),
(724,7,40,40),
(706,8,40,40),
(362,9,40,40),
(678,10,40,40),
(832,1,41,41),
(892,2,41,41),
(497,3,41,41),
(367,4,41,41),
(560,5,41,41),
(684,6,41,41),
(464,7,41,41),
(669,8,41,41),
(655,9,41,41),
(890,10,41,41);

INSERT INTO pasillo (pas_nombre,ti_id) VALUES
('A',1),
('A',2),
('A',3),
('A',4),
('A',5),
('A',6),
('A',7),
('A',8),
('A',9),
('A',10),
('A',11),
('A',12),
('A',13),
('A',14),
('A',15),
('A',16),
('A',17),
('A',18),
('A',19),
('A',20),
('A',21),
('A',22),
('A',23),
('A',24),
('A',25),
('A',26),
('A',27),
('A',28),
('A',29),
('A',30),
('A',31),
('A',32),
('A',33),
('A',34),
('A',35),
('A',36),
('A',37),
('A',38),
('A',39),
('A',40),
('A',41);

INSERT INTO anaquel (an_nombre,pas_id) VALUES
('1',1),
('1',2),
('1',3),
('1',4),
('1',5),
('1',6),
('1',7),
('1',8),
('1',9),
('1',10),
('1',11),
('1',12),
('1',13),
('1',14),
('1',15),
('1',16),
('1',17),
('1',18),
('1',19),
('1',20),
('1',21),
('1',22),
('1',23),
('1',24),
('1',25),
('1',26),
('1',27),
('1',28),
('1',29),
('1',30),
('1',31),
('1',32),
('1',33),
('1',34),
('1',35),
('1',36),
('1',37),
('1',38),
('1',39),
('1',40),
('1',41);

INSERT INTO tarjetacredito (tc_num,tc_fvenc,tc_codseg,tc_ncompl,tc_marca,cn_id) VALUES
(4284982571238433,'03-01-2020',881,'Daniela Luisa Mir Solé','AMERICAN EXPRESS',1),
(3566516048071042,'29-03-2023',885,'Nuria Batlle Robledo','AMERICAN EXPRESS',2),
(5198508417610865,'27-01-2022',526,'Josep del Gordillo','DINERS CLUB',3),
(180068900130096,'23-07-2022',5449,'Andrea Mireia Gabaldón Seguí','AMERICAN EXPRESS',4),
(3536230766967947,'12-09-2021',457,'Ruben Bernat Doménech','DINERS CLUB',5),
(4811214404036,'05-01-2022',592,'Ines Mur Castelló','MASTERCARD',6),
(3535833904501220,'14-11-2027',570,'Ramon Espejo','MASTERCARD',7),
(180068430194794,'19-07-2021',665,'Celia Vilar Castañeda','VISA',8),
(6521950140119267,'26-09-2024',144,'Joan Castells Tena','MASTERCARD',9),
(342593253158118,'06-10-2023',8278,'Cesar Azcona Duran','MASTERCARD',10),
(30116047460983,'03-08-2027',747,'Emilio Franco Amigó','VISA',11),
(4954324005754,'20-09-2020',354,'Alberto Casares','DINERS CLUB',12),
(4931124870845157,'31-07-2027',680,'Carla Esther Quintana Cifuentes','AMERICAN EXPRESS',13),
(3546811462686879,'13-05-2027',155,'Victor Manuel Batlle-Bustos','AMERICAN EXPRESS',14),
(30217938719808,'14-04-2020',578,'Sergio Morante Gargallo','DINERS CLUB',15),
(3593726800849264,'10-01-2024',0057,'Ángeles Baquero Hierro','DINERS CLUB',16),
(3555887760588882,'06-11-2020',702,'Sara Castell Fajardo','VISA',17),
(630463822951,'27-03-2020',4930,'Nerea Corbacho Gisbert','DINERS CLUB',18),
(4848885016173884,'27-10-2018',987,'Josep Fernández Mayo','DINERS CLUB',19),
(30304729097576,'18-01-2028',251,'Josefa Falcó Pont','DINERS CLUB',20),
(5595131644886684,'28-05-2026',040,'Lorenzo Suárez Larrañaga','AMERICAN EXPRESS',21),
(370011338037616,'05-06-2021',865,'Emilio Luz Amo','MASTERCARD',22),
(38494614595602,'05-12-2018',912,'Sofia Grau','DINERS CLUB',23),
(378436555559079,'03-02-2024',5431,'Tomás Cerro Sanchez','VISA',24),
(180014592903879,'05-03-2023',654,'Óscar Garzón Abascal','MASTERCARD',25),
(3566800274743031,'16-02-2023',096,'Francisco Lozano Sanmiguel','AMERICAN EXPRESS',26),
(180058415341296,'20-12-2027',954,'Vicente Blázquez','DINERS CLUB',27),
(370543937828854,'09-04-2021',051,'Eva Saldaña Parra','DINERS CLUB',28),
(639073809217,'03-12-2027',9140,'Francisco Jose Roberto Costa Luque','MASTERCARD',29),
(30014610006467,'15-12-2027',648,'Sebastian Hidalgo-Barba','MASTERCARD',30),
(5255338156842267,'18-05-2020',623,'Miguel Rebollo Julián','MASTERCARD',31),
(3516386005960707,'12-05-2026',239,'Ana Susana Solera Novoa','AMERICAN EXPRESS',32),
(379043729102759,'14-01-2028',117,'Victor Manuel Arrieta','AMERICAN EXPRESS',33),
(38768823700354,'12-09-2026',023,'Virginia Escribano Canals','AMERICAN EXPRESS',34),
(4308437569681807,'20-01-2026',771,'Gabriel Baró Alegre','AMERICAN EXPRESS',35),
(676251639453,'08-04-2020',133,'Ignacio Soto Boix','VISA',36),
(5200699059040572,'26-04-2027',670,'Salvador Barrena Bayo','VISA',37),
(4238897578441,'20-01-2025',819,'María Zabala Jiménez','MASTERCARD',38),
(213115690916456,'24-03-2024',339,'Eduardo Iniesta','VISA',39),
(3571683735695476,'03-12-2019',008,'Salvador Miguel Ángel Duran Gomila','VISA',40),
(4358417805585,'22-08-2026',431,'Purificación Mulet Cortes','MASTERCARD',41),
(4898624597301,'28-09-2018',508,'Alejandra Iriarte Cantón','MASTERCARD',42),
(4994864452737975,'16-06-2028',725,'Óscar Campos Tur','VISA',43),
(5178911893471782,'14-10-2018',787,'Celia Carolina Cobos Alegre','VISA',44),
(4204282779487495,'22-12-2019',529,'Alvaro Lucas-Marco','DINERS CLUB',45),
(375758499536332,'01-04-2027',937,'Daniel Verdejo Franch','MASTERCARD',46),
(676291522966,'16-12-2027',887,'Ana Flores-Dalmau','VISA',47),
(4049657606797,'24-11-2020',399,'Eva Verdejo Jordá','MASTERCARD',48),
(6011859144022848,'05-07-2023',8983,'Josep Nogueira Oliver','VISA',49),
(4727749494686534,'20-03-2022',501,'Nicolás Guillermo Arias Vallejo','AMERICAN EXPRESS',50),
(3571239215277762,'11-10-2020',3955,'Marta Rubio-Rios','AMERICAN EXPRESS',51),
(2228744148546117,'28-05-2028',351,'Luz Guillen Gil','AMERICAN EXPRESS',52),
(38619385618890,'17-01-2028',225,'Susana Pedrero-Serrano','MASTERCARD',53),
(3512300804384435,'06-11-2025',618,'Victor Pazos Pujol','AMERICAN EXPRESS',54),
(4702219178932124,'09-06-2028',062,'Yolanda Catalán Río','DINERS CLUB',55),
(213198174524475,'12-03-2021',921,'Diego Frutos','MASTERCARD',56),
(345764599038879,'17-03-2024',419,'Marina Miró','AMERICAN EXPRESS',57),
(4535863789179360,'08-09-2022',144,'Mohamed Barba Gimenez','VISA',58),
(36694363425164,'05-10-2018',7632,'Jose Ignacio Cánovas Pardo','VISA',59),
(5427148638227562,'01-07-2020',248,'Felix Nicolás Soria Piña','VISA',60),
(30384125885436,'08-02-2019',955,'Blanca Jurado-Moreno','DINERS CLUB',61),
(4993564059514964,'13-06-2023',976,'Jesús Nicolás Peiró Villegas','AMERICAN EXPRESS',62),
(676213371716,'23-07-2024',510,'Jose Miguel Rocha Corbacho','AMERICAN EXPRESS',63),
(639007897627,'03-02-2024',093,'Beatriz Miriam Rius Moliner','MASTERCARD',64),
(6523657075409302,'26-03-2022',711,'Javier Pablo Rozas Lumbreras','VISA',65),
(573440140925,'11-03-2019',604,'Josefina Pinilla Morante','AMERICAN EXPRESS',66),
(4463784370063712,'05-08-2018',875,'Mónica Piña-Pineda','AMERICAN EXPRESS',67),
(3568051029252385,'20-07-2026',760,'Jose Ignacio Nicolás Gomis Sobrino','VISA',68),
(4382845136280,'02-08-2024',287,'Raul Mas Peña','MASTERCARD',69),
(4663149935571872,'27-03-2028',641,'Juan de Rodriguez','AMERICAN EXPRESS',70),
(676314078442,'19-09-2025',844,'Amparo Salvà Bolaños','DINERS CLUB',71),
(4306228210377693,'05-05-2021',580,'Juan Francisco Palomo Miranda','DINERS CLUB',72),
(30152879535766,'28-10-2019',499,'Purificación Vizcaíno Torre','MASTERCARD',73),
(36536649322543,'18-06-2028',920,'Cristina de Roldán','DINERS CLUB',74),
(5166333535629137,'29-03-2026',877,'Alex del Adán','AMERICAN EXPRESS',75),
(5334236472624341,'29-05-2023',5010,'Óscar Leon Bellido','DINERS CLUB',76),
(2224029225438436,'08-11-2027',0459,'Vicenta Ines González Pablo','MASTERCARD',77),
(3541117243766773,'04-10-2021',402,'Gonzalo de Cabeza','DINERS CLUB',78),
(30559536713042,'21-04-2025',700,'Purificación Perales Teruel','VISA',79),
(345482426525972,'09-12-2023',138,'Joan Alfredo Arranz Royo','MASTERCARD',80),
(6011222673066589,'05-03-2025',743,'Hector Joaquin Riera Samper','MASTERCARD',81),
(36566288206632,'27-09-2024',780,'Eugenia Remedios Fábregas Franco','VISA',82);

INSERT INTO tarjetacredito (tc_num,tc_fvenc,tc_codseg,tc_ncompl,tc_marca,cj_id) VALUES
(36230276581833,'23-11-2018',602,'Hector Perales Parra','VISA',1),
(3531713987269107,'12-02-2019',515,'Andrés Martorell Osorio','AMERICAN EXPRESS',2),
(6011083337071211,'15-04-2021',532,'Esther Cases Múgica','DINERS CLUB',3),
(4348951141117,'11-04-2027',5727,'Mercedes Arellano Navarrete','MASTERCARD',4),
(3562172400175114,'23-06-2028',237,'Enrique Simó Losada','VISA',5),
(4845115222681238,'18-10-2025',902,'Josefina Escalona Morillo','DINERS CLUB',6),
(30258165867092,'16-09-2022',476,'Rodrigo de Solana','MASTERCARD',7),
(5428276264506402,'27-01-2028',832,'Silvia Riquelme-Arce','AMERICAN EXPRESS',8),
(675986291465,'09-01-2024',808,'Mohamed Manuel Mate Blanch','DINERS CLUB',9),
(213170432871923,'27-09-2019',620,'Andrea Camps','AMERICAN EXPRESS',10),
(2225756220718847,'06-07-2018',898,'Elisa Bolaños Badía','VISA',11),
(4371854834737,'25-04-2027',938,'Roberto Cisneros Manso','DINERS CLUB',12),
(4791642531602,'20-01-2023',534,'Inmaculada Bolaños Camino','MASTERCARD',13),
(4442605091768,'04-10-2021',280,'Elisa del Menéndez','AMERICAN EXPRESS',14),
(4023477884413,'06-08-2026',779,'Rosa Torrent','DINERS CLUB',15),
(4662593765264606,'28-10-2021',988,'Virginia del Rojas','MASTERCARD',16),
(3504954895503046,'04-03-2025',270,'Cesar Colom','VISA',17),
(3577708376859117,'31-03-2028',709,'Lucía Valle Alcalde','DINERS CLUB',18),
(213162763658078,'25-09-2024',623,'Gregorio Boix','MASTERCARD',19),
(4151976359627,'30-10-2024',069,'Francisco Jose Cuenca','AMERICAN EXPRESS',20),
(6011430978125667,'19-08-2019',001,'Juan Carlos Seguí Ferrer','MASTERCARD',21),
(213123181317242,'07-05-2028',240,'Pedro Laguna Cobos','VISA',22),
(3532017560193687,'29-09-2022',258,'Ricardo Jurado-Ortega','AMERICAN EXPRESS',23),
(4827823926615,'30-10-2018',392,'Jose Luis del Esteban','MASTERCARD',24),
(3515372296750818,'14-05-2020',814,'Victoria Sales Murillo','AMERICAN EXPRESS',25),
(379977397014798,'15-05-2028',475,'Milagros Adriana Izquierdo Castilla','AMERICAN EXPRESS',26),
(180074163276055,'07-08-2022',251,'Dolores Cano Pacheco','DINERS CLUB',27),
(4592054566460,'28-08-2024',952,'Rocio Mate-Pacheco','DINERS CLUB',28),
(3580540557289193,'08-01-2028',779,'Soledad Jiménez Llanos','VISA',29),
(4256633017688244,'30-03-2022',798,'Montserrat Ana Gordillo Salgado','DINERS CLUB',30),
(676288626572,'22-04-2020',123,'Samuel Blanca Ferrándiz','AMERICAN EXPRESS',31),
(213187610571836,'27-04-2028',598,'Joan Rosado Porcel','DINERS CLUB',32),
(6011061114147909,'02-02-2024',399,'Fernando Rocha Gallo','DINERS CLUB',33),
(630488179700,'23-04-2021',8304,'Mario Mariscal Cuéllar','AMERICAN EXPRESS',34),
(503838512013,'21-02-2024',586,'Juan José Esparza Sanmiguel','DINERS CLUB',35),
(2223567244292178,'28-01-2028',8656,'Alicia Tello Aguilar','DINERS CLUB',36),
(5492573163869233,'07-05-2027',822,'Juan Manuel Ródenas Manjón','AMERICAN EXPRESS',37),
(4230681664909,'28-01-2028',942,'Miguel Navas Morillo','VISA',38),
(30586195166931,'14-12-2024',201,'Sebastian Durán','MASTERCARD',39),
(30094981329490,'20-04-2027',602,'Alejandro Marí','DINERS CLUB',40),
(676330881860,'10-06-2027',312,'Blanca Rueda Morell','VISA',41),
(4330692610964,'08-07-2027',109,'Andrea Vendrell Padilla','DINERS CLUB',42),
(379551479744380,'31-01-2027',700,'Óscar Gonzalo Molins Peinado','DINERS CLUB',43),
(3500058980536327,'18-10-2022',927,'Sebastian Iborra Bauzà','VISA',44),
(5326089697744596,'07-06-2019',161,'Juan Luis Cisneros Castro','AMERICAN EXPRESS',45),
(4698175618013,'29-06-2019',937,'Julio Haro Blanco','AMERICAN EXPRESS',46),
(4174287727975307,'05-05-2021',658,'Miguel Isern Cuadrado','VISA',47),
(4506632596955402,'03-08-2022',988,'Alfonso Araujo Santana','DINERS CLUB',48),
(4455508756680967,'27-06-2028',302,'Ines de Montenegro','MASTERCARD',49),
(676311350273,'31-10-2024',274,'Aurora Lopez Cobos','AMERICAN EXPRESS',50),
(30552995911892,'25-01-2020',926,'Ruben Fonseca Fernández','AMERICAN EXPRESS',51),
(3502123963047342,'19-11-2025',303,'Andrés Madrigal Valentín','MASTERCARD',52),
(6011166883323019,'07-10-2019',155,'Cristian Téllez Nicolás','AMERICAN EXPRESS',53),
(3565341882663155,'06-12-2027',3786,'Celia Cámara Vilanova','AMERICAN EXPRESS',54),
(4528599570236337,'06-03-2023',192,'Cristian Dueñas Puerta','DINERS CLUB',55),
(4942423069027099,'18-04-2026',063,'Raul Bilbao Abad','DINERS CLUB',56),
(340182605794788,'27-05-2019',951,'Marc Farré-Alvarez','DINERS CLUB',57),
(4303434750350388,'30-12-2018',185,'Cristian Alberdi','MASTERCARD',58),
(4615069645373,'29-07-2018',369,'María Villalba Noriega','VISA',59),
(3527366997938520,'24-07-2018',205,'Encarnacion Macías-González','DINERS CLUB',60),
(371197683009877,'02-03-2022',217,'Fátima Feliu Gárate','VISA',61),
(4960530701409,'14-05-2022',1326,'Marina Blanes-Coello','VISA',62),
(3546879095740702,'19-02-2024',658,'Pilar Vargas Verdugo','MASTERCARD',63),
(213183479270875,'26-11-2019',774,'Sebastian Buendía Ortuño','VISA',64),
(376613044719611,'18-12-2025',660,'Ana Cabanillas Alberto','VISA',65),
(30301024575785,'27-06-2025',095,'Óscar Llopis Torrens','VISA',66),
(4088029164790152,'15-05-2024',9041,'Felipe Mohamed Lillo Nuñez','DINERS CLUB',67),
(4078633748134,'07-01-2022',7015,'Margarita Garay-Hervás','VISA',68),
(3508323417225916,'26-06-2020',632,'Marc Arjona Botella','DINERS CLUB',69),
(3570018068504162,'23-03-2027',628,'Santiago Sans-Blazquez','MASTERCARD',70),
(38835092965685,'05-10-2027',048,'Tomás Ismael Pont Anaya','DINERS CLUB',71),
(4926184235409302,'04-07-2020',713,'Gloria Macías Arana','DINERS CLUB',72),
(6587342218926743,'11-03-2021',9649,'Guillermo Miguel Ángel Molins Tur','MASTERCARD',73),
(377284768965209,'14-08-2022',888,'Jose Miguel Calvet Talavera','MASTERCARD',74),
(4646933171395,'03-02-2024',758,'Luís Flores-Abad','VISA',75),
(3516911359920286,'18-06-2021',701,'Alberto Castells Ribes','VISA',76),
(6513701557728045,'04-10-2027',475,'Gloria Borja Carrera','AMERICAN EXPRESS',77),
(3565965456598023,'11-10-2018',703,'Ricardo Botella Tomé','DINERS CLUB',78),
(639047325787,'26-01-2025',895,'Julian Miró Castañeda','MASTERCARD',79),
(180009877450562,'30-07-2025',700,'Esperanza de Pintor','AMERICAN EXPRESS',80),
(3566777114447579,'29-10-2018',865,'Miguel Lorenzo Muñoz Huerta','AMERICAN EXPRESS',81),
(3513936896610507,'28-04-2023',292,'Gloria Ródenas','MASTERCARD',82);

INSERT INTO permiso (per_funcion) VALUES
('CREATE cliente'),
('READ cliente'),
('UPDATE cliente'),
('DELETE cliente'),
('CREATE empleado'),
('READ empleado'),
('UPDATE empleado'),
('DELETE empleado'),
('CREATE usuario'),
('READ usuario'),
('UPDATE usuario'),
('DELETE usuario'),
('CREATE tienda'),
('READ tienda'),
('UPDATE tienda'),
('DELETE tienda'),
('CREATE diariodulce'),
('READ diariodulce'),
('UPDATE diariodulce'),
('DELETE diariodulce'),
('CREATE producto'),
('READ producto'),
('UPDATE producto'),
('DELETE producto'),
('CREATE departamento'),
('READ departamento'),
('UPDATE departamento'),
('DELETE departamento'),
('CREATE carnet'),
('READ carnet'),
('UPDATE carnet'),
('DELETE carnet'),
('CREATE punto'),
('READ punto'),
('UPDATE punto'),
('DELETE punto'),
('CREATE tipo_producto'),
('READ tipo_producto'),
('UPDATE tipo_producto'),
('DELETE tipo_producto'),
('CREATE rol'),
('READ rol'),
('UPDATE rol'),
('DELETE rol'),
('CREATE inventario'),
('READ inventario'),
('UPDATE inventario'),
('DELETE inventario'),
('CREATE orden'),
('READ orden'),
('UPDATE orden'),
('DELETE orden'),
('CREATE estatus'),
('READ estatus'),
('UPDATE estatus'),
('DELETE estatus'),
('CREATE pedido'),
('READ pedido'),
('UPDATE pedido'),
('DELETE pedido'),
('CREATE reposicion'),
('READ reposicion'),
('UPDATE reposicion'),
('DELETE reposicion'),
('CREATE pagovirtual'),
('READ pagovirtual'),
('UPDATE pagovirtual'),
('DELETE pagovirtual'),
('CREATE pagofisico'),
('READ pagofisico'),
('UPDATE pagofisico'),
('DELETE pagofisico'),
('CREATE comprafisica'),
('READ comprafisica'),
('UPDATE comprafisica'),
('DELETE comprafisica'),
('CREATE compravirtual'),
('READ compravirtual'),
('UPDATE compravirtual'),
('DELETE compravirtual'),
('CREATE factura'),
('READ factura'),
('UPDATE factura'),
('DELETE factura');

INSERT INTO personadecontacto (pc_nombre,pc_apellido,cj_id) VALUES
('Silvia','Aguado',1),
('Jorge','Vergara',1),
('Noelia','Palomino',2),
('Cristian','Botella',2),
('Raul','Ortiz',3),
('Alba','Fuertes',3),
('Ruben','Mascaró',4),
('Juan Carlos','Torrijos',4),
('Isabel','Carbajo',5),
('Sara','Canet',5),
('Concepción','Figueras',6),
('Daniel','Estévez',6),
('Jose Miguel','Giménez',7),
('Aurora','Pardo',7),
('Francisca','Alfaro',8),
('Daniela','Vives',8),
('Teresa','Baeza',9),
('Mónica','Lorenzo',9),
('Nuria','Pardo',10),
('Esther','Abellán',10),
('Emilia','Ros',11),
('Olga','Morán',11),
('Emilia','Carlos',12),
('Sara','Roma',12),
('Juan Antonio','Hernandez',13),
('Aitor','Gibert',13),
('Catalina','Parra',14),
('Miguel Ángel','Porcel',14),
('Lourdes','Ros',15),
('Enrique','Ruiz',15),
('Hector','Cerro',16),
('Lorenzo','Albero',16),
('David','Rosales',17),
('Roberto','Criado',17),
('Clara','Marqués',18),
('Carla','Cámara',18),
('Sebastian','Sacristán',19),
('Carlos','Arnaiz',19),
('Victoria','Abellán',20),
('Jose Manuel','Correa',20),
('Ángel','Uriarte',21),
('Enrique','Cadenas',21),
('Blanca','Elías',22),
('Mireia','Escribano',22),
('Mireia','Roldán',23),
('Claudia','Pujol',23),
('Noelia','Amat',24),
('Fernando','Lasa',24),
('Jordi','Fabregat',25),
('Felipe','Pizarro',25),
('Encarnacion','Montoya',26),
('Emilio','Camacho',26),
('Magdalena','Alemany',27),
('Juan Carlos','Gras',27),
('Aurora','Cervera',28),
('Aurora','Muro',28),
('Jaime','Pons',29),
('Eduardo','Ferrán',29),
('Jose Luis','Campo',30),
('Alejandra','Manzanares',30),
('Hugo','Palomino',31),
('Olga','Rivera',31),
('Mario','Roig',32),
('Julia','Medina',32),
('Clara','Arnaiz',33),
('Nicolás','Chacón',33),
('Paula','Valenzuela',34),
('Samuel','Montesinos',34),
('Irene','Aznar',35),
('Felix','Nogueira',35),
('Pilar','Ángel',36),
('Cesar','Cortina',36),
('Ramon','Baena',37),
('Jordi','Bustos',37),
('Montserrat','Pujadas',38),
('Francisca','Puente',38),
('Roberto','Blanes',39),
('Diego','Sanz',39),
('Nicolás','Lozano',40),
('Juan Luis','Alfaro',40),
('Manuel','Villanueva',41),
('Vanesa','Villalobos',41),
('Eva','Pinto',42),
('Alicia','Luna',42),
('Vicenta','Torralba',43),
('Paula','Gimenez',43),
('Luis Miguel','Román',44),
('Lidia','Lillo',44),
('Josep','Calderon',45),
('Andrés','Bilbao',45),
('Sergio','Robles',46),
('Noelia','Casado',46),
('Sara','Carpio',47),
('Nicolás','León',47),
('Francisco','Alegria',48),
('Marina','Peñas',48),
('Vicente','Aragón',49),
('Diego','Cerezo',49),
('Luz','Almansa',50),
('Soledad','Zabaleta',50),
('Juan Antonio','Villalobos',51),
('Daniel','Pinto',51),
('Ángeles','Castejón',52),
('Luis Miguel','Palomar',52),
('Samuel','Arcos',53),
('Soledad','Iglesia',53),
('Fernando','Carranza',54),
('Juan José','Martorell',54),
('Mohamed','Sáenz',55),
('Laura','Leiva',55),
('María','Antúnez',56),
('Antonia','Pareja',56),
('Paula','Chico',57),
('Alfonso','Aguilar',57),
('Ángel','Alfonso',58),
('Jose Luis','Fuentes',58),
('Ismael','Cózar',59),
('Fernando','Orozco',59),
('Óscar','Garay',60),
('Carmen','Bermudez',60),
('Mariano','Sotelo',61),
('Jose Antonio','Torrecilla',61),
('Paula','Losa',62),
('Josefina','Hernandez',62),
('Juan Francisco','Campillo',63),
('Vicenta','Palma',63),
('Josep','Álvaro',64),
('Manuel','Alvarez',64),
('Jordi','Ibáñez',65),
('Catalina','Palomino',65),
('Felix','Noguera',66),
('Lucía','Osorio',66),
('Joan','Cabanillas',67),
('Martin','Andreu',67),
('Susana','Lluch',68),
('Lorena','Perera',68),
('Miriam','Espejo',69),
('Jose Ramon','Aragón',69),
('Jose Francisco','Campos',70),
('Beatriz','Durán',70),
('Francisca','Carranza',71),
('Ángeles','Atienza',71),
('Ana','Alcántara',72),
('Nuria','España',72),
('Lourdes','Mosquera',73),
('Nerea','Baeza',73),
('Victor','Zabala',74),
('Mariano','Valdés',74),
('Vicente','Silva',75),
('Jose Angel','Chico',75),
('Catalina','Barrio',76),
('Fátima','Navas',76),
('Jesús','Borrás',77),
('Miguel','Colomer',77),
('Martin','Quesada',78),
('Victor','Otero',78),
('David','Perales',79),
('Catalina','Mancebo',79),
('Lucía','Marqués',80),
('Alberto','Amador',80),
('Aurora','Zorrilla',81),
('Clara','Olmedo',81),
('Juan Antonio','Romero',82),
('Sebastian','Ramirez',82);

INSERT INTO punto (car_id,h_id) VALUES
(1,4),
(2,9),
(3,2),
(4,6),
(5,6),
(6,1),
(7,4),
(8,6),
(9,1),
(10,9),
(11,9),
(12,6),
(13,2),
(14,2),
(15,10),
(16,5),
(17,4),
(18,2),
(19,3),
(20,4),
(21,2),
(22,10),
(23,3),
(24,4),
(25,4),
(26,9),
(27,4),
(28,10),
(29,3),
(30,1),
(31,2),
(32,9),
(33,5),
(34,5),
(35,7),
(36,6),
(37,9),
(38,8),
(39,10),
(40,5),
(41,4),
(42,3),
(43,3),
(44,4),
(45,3),
(46,3),
(47,7),
(48,7),
(49,3),
(50,3),
(51,7),
(52,10),
(53,4),
(54,10),
(55,9),
(56,8),
(57,1),
(58,10),
(59,2),
(60,6),
(61,10),
(62,4),
(63,5),
(64,4),
(65,7),
(66,6),
(67,10),
(68,2),
(69,1),
(70,2),
(71,7),
(72,7),
(73,5),
(74,8),
(75,4),
(76,6),
(77,3),
(78,5),
(79,6),
(80,7),
(81,5),
(82,9),
(83,8),
(84,9),
(85,3),
(86,2),
(87,9),
(88,7),
(89,10),
(90,5),
(91,10),
(92,1),
(93,1),
(94,7),
(95,4),
(96,10),
(97,6),
(98,2),
(99,7),
(100,9),
(101,3),
(102,1),
(103,2),
(104,2),
(105,9),
(106,5),
(107,7),
(108,9),
(109,1),
(110,8),
(111,5),
(112,9),
(113,10),
(114,1),
(115,2),
(116,10),
(117,2),
(118,5),
(119,3),
(120,2),
(121,6),
(122,1),
(123,2),
(124,10),
(125,3),
(126,6),
(127,4),
(128,4),
(129,8),
(130,10),
(131,9),
(132,4),
(133,6),
(134,2),
(135,9),
(136,5),
(137,3),
(138,9),
(139,5),
(140,6),
(141,10),
(142,8),
(143,4),
(144,2),
(145,3),
(146,5),
(147,9),
(148,5),
(149,9),
(150,5),
(151,5),
(152,5),
(153,7),
(154,2),
(155,4),
(156,6),
(157,10),
(158,10),
(159,4),
(160,5),
(161,5),
(162,2),
(163,1),
(164,5);

INSERT INTO usuario (u_username, u_password,cn_id) VALUES
('ibanezmanuel','q)75(Uc_#*',1),
('fernandoferreras','&3w^pXwsCM',2),
('xavier34','OhK7WnDuF!',3),
('angelacanellas','#SJwX1B)c1',4),
('magdalena64','L2a!SeiX(+',5),
('lrobles','Ike(OG^z%6',6),
('concepcion89','Q#2zwQwZPn',7),
('ana41','BBGN3Ipaa%',8),
('miroignacio','*QN0SPi^&v',9),
('lmuro','cCU5GBQkw(',10),
('icarlos','!XJD(q*Ey3',11),
('luisverdu','w_W9Ckna1^',12),
('cristian80','3*N19Dxn(W',13),
('alvarezignacio','+2Kd4n9iSx',14),
('luis-miguelnicolas','Yn&Ta5ReiL',15),
('garnaiz','QmZ8Fu)c@q',16),
('alfredo00','+C*Ea6BoCB',17),
('rosa73','*6CmPOmRH5',18),
('rayajose-luis','xocFvtC9R)',19),
('victoria39','alm+8ShOF^',20),
('ramonlidia','!b1H6FdUUD',21),
('patriciacadenas','%MgVcsH@t1',22),
('sarmientomario','j6VJZ2ad$6',23),
('jose-manuelconde','nu$9B$Pz+W',24),
('segoviajoan','7QGXyfbb!n',25),
('rafaelbarcena','6R98U2(tj@',26),
('hazcona','Kk!M4Gsa*!',27),
('baqueroalvaro','rI!6OFmy^M',28),
('ucal','0+8TeUAjR&',29),
('msandoval','hN2lLasL(c',30),
('amparobelda','(aKo_2qZ2I',31),
('alicia53','f6s+jCmn%W',32),
('dolorespino','4@6FGY8gng',33),
('rociomarcos','n91yFGSo@n',34),
('tellezvicente','^0SIcsCIgR',35),
('abellaalex',')B0!JNKf3!',36),
('valdeselisa','^lP_zp%+S6',37),
('gteruel','!53hdzJlhA',38),
('joaquin62','(1IpU^Xwoc',39),
('gisbertjuan-francisco','p3fAIzzp%u',40),
('carolinaiglesia','&17NiEauSw',41),
('zbarrio','#@139Po_ZE',42),
('pzorrilla','5&6AlcqsqQ',43),
('clara61','15*RQpYC+%',44),
('zcardenas','t@2#Em@g#L',45),
('joaquin88','7FIOMb8*%2',46),
('redondoremedios','MrZ^3NyC#9',47),
('eduardorodriguez','^0#0Hkqij^',48),
('pujolconsuelo','$8V!jkOGx%',49),
('floresjose-ramon','$S_0AMaIKE',50),
('colomajoan','y7q)aMy&%M',51),
('vsamper','oo9AsWm(1_',52),
('carla84','xx7fWs)9(7',53),
('ignacio58','!tG^Ave3S8',54),
('armasconsuelo','!hj$GkNoT5',55),
('felix82','+7$GaHx_hF',56),
('luis-miguelolmedo',')vkYog@Cv8',57),
('ginerismael','_p3(Gpwlgy',58),
('cmontenegro','m7^5f6BcQ$',59),
('salmeronrafael','71bp5ReZ%0',60),
('ireneheras','(BoQk1Pu!g',61),
('domingo50','_pUUFpJd3h',62),
('barcenaagustin','*fRyYPz^0j',63),
('rociogrande','iqh1W(ms(h',64),
('qparejo','*f1R)G@wsS',65),
('bferrer','s8PvPV+U)d',66),
('juan-francisco23','R(i6&ODXhm',67),
('soleangela','8kY9Mh8*@(',68),
('oamaya','Ns55)ZgR*a',69),
('juan-luis18','$&3ShVFb@3',70),
('esperanzaguzman','&U6WQv6_%Q',71),
('jaimepoza','A^LE5aoqFQ',72),
('carmen91','k3X!cbZ%$(',73),
('tellezantonia','uL8h6En^h#',74),
('zmoliner','026gNCvR0(',75),
('eugenia30','^9BOWagm!i',76),
('angela00','%3Gri2IiG*',77),
('luis33','(73cKSUlFW',78),
('paula83','P(i7Sw*uKq',79),
('antoniosureda','5RAhw$Ho)S',80),
('adrian03','^7TQ9xZopn',81),
('nicolas67','Oa*93PCzRZ',82);

INSERT INTO usuario (u_username, u_password,cj_id) VALUES
('lucia10','Jf93Mau+f_',1),
('carolinapareja','_05FRfCaGQ',2),
('santosramon','z7GSp*uq^*',3),
('jose-luisminguez','0%Y9wAqa$@',4),
('mireia97','1_m(AIw@(#',5),
('ftrujillo','Z8wJ)b8n(M',6),
('sandra41','^k3SZtjM_P',7),
('kugarte','gRTO79Bjc)',8),
('salvadormontoya','+W6^)2Mc+!',9),
('vicenta90','*RXr3Cm#1a',10),
('carrionnieves','_)7#9QIbVc',11),
('auroravalencia','%8TFGF9f^u',12),
('remedios47','quk2Qh8)+W',13),
('blanca76','+jtMkcpEX0',14),
('salvadorcristian','ZDWD63rbH#',15),
('xcapdevila','E4hLsS&6_9',16),
('tlobo','oOX4(Z8cI+',17),
('yrebollo','LY0Ijw22M@',18),
('lealjulian','9Xq)rFqs@T',19),
('mariaalcala','^D0OW3Ehuj',20),
('ricardoroma','@iWPhjuf$5',21),
('gabrielledesma','2ecJ4NAj!p',22),
('colomafelix','_O^PYHz44)',23),
('lllobet','^LOb0DbA$3',24),
('marcos38','^w%qPg(l+5',25),
('evillalonga','D&1SHcGvz7',26),
('paniaguamonica','!0kXB%eOGH',27),
('lladoalberto','1u5xrZph)u',28),
('qcruz','zqw1aYlt3&',29),
('qpadilla','^s!0TLjtqG',30),
('danglada','_kZ6fj&31y',31),
('wpujol','_0cr0D2u_Q',32),
('juana26','YtJ4#E5t^I',33),
('seguragabriel',')5xXds7MyL',34),
('uromero','7&Q0FgEU5l',35),
('ayalasofia','#kEvxybnB8',36),
('anaabril','i1(^^Xzx%k',37),
('asuncion46','%E#9yG8q0y',38),
('mariomendez','u6*Rst&s+x',39),
('uborras','&9gjYKv&Nl',40),
('ycespedes','+9SxAY7rGa',41),
('milagros52','Sp5xe8Qw*6',42),
('ecorbacho','V#$C6bOp&r',43),
('laurabastida','@fDR!hvMA5',44),
('jose-ignaciollano','b1#W)UIx@a',45),
('aitor49','(s9P!68f$G',46),
('blanca66','k)8KNJvdel',47),
('luis-miguel92','9+EB9^ow%6',48),
('jpriego','3N7OYzSqb#',49),
('orueda','7_6p6wTs&R',50),
('qpineiro','N!PaS5Tx%t',51),
('pablo35','2hb(xyNi+O',52),
('paulavaldes','^ez#7HGsol',53),
('palauvirginia','#4O0r+Za4R',54),
('raquel52','#dS_2zYmqV',55),
('mireiabarreda','*4RPqm#ei+',56),
('lpina',')H)1S8ZoCZ',57),
('ribanez','_wDY^Kx$c3',58),
('carbocarlos','*779JGQwB&',59),
('rbolanos','6&9PjuR!1k',60),
('jorgevilanova','(cr3TLVi9D',61),
('mateomar','20E$q6Iy(y',62),
('peirorafael','TQQ41KJu+r',63),
('jose-ramon88','@1spV)6vMv',64),
('adadiajose-miguel','8%ZGf3ZD*7',65),
('esthertorralba','&A*OFsmB+1',66),
('denriquez','9_V6u^t^&^',67),
('barcelonatalia','$z1RmMklfj',68),
('blanca04','Ez1Ppyz#@H',69),
('gnarvaez',')8ZemS$cJe',70),
('jose-angelcabello','dp*1TDxsbw',71),
('dcanete','%d6Rhd$uk0',72),
('martamadrigal','_4Ds4CW1_)',73),
('sebastianrossello','#r7DXb@yrm',74),
('jbarcena','^OCMz9QU09',75),
('lidia81','LVJS5+Uh6(',76),
('xcardona','u53nxK@2&J',77),
('bmercader','(g2^RufTIf',78),
('palacioirene','$w3&6La45W',79),
('nrodriguez','Uu79DiZnn&',80),
('juanaamador','7*5BO2Bgw0',81),
('martinzaragoza','po7Me+Wq+Y',82);

INSERT INTO usuario (u_username, u_password,e_id,r_id) VALUES
('eduardojaume','hT(4SfEzuk',1,1);
INSERT INTO usuario (u_username, u_password,e_id) VALUES
('mariovalenzuela','+8@xUW@Qyj',2),
('miriammercader','z$7b78Ye+Y',3),
('castejonaurora','V$xqK5Sgt^',4),
('susana39','Y!6NZlb&wV',5),
('raul32','%nc2h3Rekx',6),
('duranmagdalena','e28F&aIn!w',7),
('cobosalvaro','j%4pAA+er(',8),
('begonamoliner','Uq@i2PDiBZ',9),
('dtorrecilla','ye7iVOKy+8',10),
('cabezasantonio','#41REOhyax',11),
('padillajose-miguel','u)O8UcWcN6',12),
('velascopilar','n#tg3F+fu*',13),
('ricardomayo','^2_jD5bkY9',14),
('vtorrents','&I10EEbO9!',15),
('vicentareig','LG+016c6m_',16),
('gargalloolga','v)3Gm_GO%h',17),
('marquesrocio','+n9cUr6Ai^',18),
('gonzalovirginia','p788ZNIgf)',19),
('sosacatalina','(@3FKj(sEP',20),
('jesus50','D#5V7ev*5R',21),
('noelianaranjo','+&BOlgpot5',22),
('kaguilo','S$8gUMtNF@',23),
('kcuenca','827vQ%Da!l',24),
('dolores26','e78^W46h$x',25),
('martintellez','@0PRS8R9yQ',26),
('carlapomares','$!^r3XG_Qk',27),
('adrian89','6rr4Rre2m*',28),
('ttrillo','%@$7zGOmE%',29),
('baenajuan-francisco','8rITMHT2^r',30),
('yramon','!*78JNbXTi',31),
('adrianaporta','+cy3T1OxRM',32),
('juan45','ue4%lTpZg$',33),
('mosqueraesperanza','l35aLDiS$l',34),
('zvarela','AnJ6N(BcV$',35),
('andrearey','^xKrev(Q44',36),
('balvarez','$QvQIhErr2',37),
('dolores52','u6&N0LDoVT',38),
('jose-angel00','i#Mr1ByA*t',39),
('noeliacompany','!zP5P3CpQh',40),
('juan-luis88','$Q4FWnNd%b',41),
('vilaltamartin','c^3n5DSb$9',42),
('lidia97','ZeN3L26L9@',43),
('victoria45','wj2JaG+S!(',44),
('qcazorla','&CJ7&Kmqdu',45),
('vojeda','M5Kj4pcU#R',46),
('angelcortes','7Y3o_4qAl*',47),
('blanca78','_RkwJ1BzNu',48),
('rafaelcasanova','F1DhL)yZ)0',49),
('juan-jose80','%0WA^fceNJ',50),
('gonzalocanete','r0$(hYKN#2',51),
('crebollo','*6MBpRSh&A',52),
('espadajulio','BhbZH9Mb(0',53),
('cabezajuan-jose',')!GRH0Wfa&',54),
('ctorres','B9Ldl$Om#z',55),
('santamariafelipe','$R5k64ZeDn',56),
('canasvirginia','!@7MN&w*0Q',57),
('adrianbriones','!tG*zHP2F5',58),
('tormorosario',')J55M)Im@y',59),
('vicentemarin','%Be5^1Zxo0',60),
('sabatermanuela','OI1BLx$1K@',61),
('casasandres','#6ToYP9oTq',62),
('oconde','^%@54P*yMC',63),
('riquelmepurificacion','_8E*doaD(Y',64),
('veronicapujadas','u4^V$0Ziwv',65),
('chaconrosario','B!6LmCnqc4',66),
('imontenegro',')va6Jfc#+l',67),
('umenendez','nyA4_Eab5_',68),
('portillolorena','Ry#8RBLgDM',69),
('gmarques','w88GByBh^a',70),
('reguerasergio','SUJb2Khr)^',71),
('sara90','&sg2eAPi8H',72),
('lladomarina','(432rAXswa',73),
('ncampo','_Lx9HqRRLg',74),
('iperalta','&zEzelfy1Q',75),
('pinodavid','8A*3Ax%qF^',76),
('ipalmer','jO+l7rJ+#3',77),
('yolandaandreu','W82YYMv9_0',78),
('ycarlos','_CgAcuiUi4',79),
('graciafrancisco','&rxBG(l^+5',80),
('mnoguera',')8qT&)inh2',81),
('emiliotoro','k*jy3#Gh5b',82),
('llanosonia','A3eUaHq+*L',83),
('yolandagoni','!3$6chGePg',84),
('aurora22','Clpfy5Tke)',85),
('emiliagargallo','m0JIXu!!@$',86),
('agustinsala','E)2aE@Iyv7',87),
('pablo90','5lWgcm@!(p',88),
('remediosdiez','W%_d1&IgC6',89),
('vanesafeliu','6q7R&sFqd!',90),
('amatas','0b3C%1t50^',91),
('marinaferrandez','@Cb8$XLl9a',92),
('pablosierra','+La2oFbUl2',93),
('rosarioborras','P$3ViwDxHm',94),
('rjover','%qfX)9m#44',95),
('yolandanunez','%U3ENv4!Si',96),
('hfiguerola','sW8FXOsR!#',97),
('anna50','@9MmfeDnnx',98),
('smorcillo',')3HMGShk$T',99),
('ivan72','#37EvwQ9T1',100),
('buendiatrinidad','wiQ7Jo7a#1',101),
('ralegria','l3H6Qk*s+d',102),
('hugosantana','$3nZuUu!!f',103),
('wlorenzo','nf8LStO!n+',104),
('julia13','1QlJV6kN#g',105),
('osoriojorge','^AQD!Zbam4',106),
('ntirado','t*9PneZf)C',107),
('juana11','3OpRxlNR(8',108),
('consuelolinares','%vL@M&lti8',109),
('nadalmiriam','S2Ktiv)p#I',110),
('jesusgomila','XHCs%89w!3',111),
('juan-franciscocomas','8sjEe6Y!_&',112),
('moraledapaula','!T75KP!jVa',113),
('rodriguezjose-angel','#OZlMWX124',114),
('oblazquez','(yJ3Kuz79D',115),
('miguel91','FW_m1I&j6x',116),
('noguessoledad','*t$Y+YRYz2',117),
('danielinfante','%4LZcSZxvP',118),
('bzabaleta','#CtaE#OAn4',119),
('jesuspalacios','g)7qiA(N5u',120),
('galanmercedes','*5Ok7P1yeU',121),
('hugo46','&N&&(9O!v5',122),
('doloresguillen','4hdpn0ir^Z',123),
('amanjon','3tuVHOA4+^',124),
('morillonicolas','8GrZcwXs!!',125),
('jose-maria09','mi*7fWlOGR',126),
('tomasmalo','+P$6nYm_ky',127),
('gregorioprat','Nhbp2Vsdr_',128),
('murilloinmaculada','#@WSe2nVP8',129),
('angelaacedo','$!I0H8So^#',130),
('fatima84','j&4jObgokk',131),
('blanca23','K89MIzlU^3',132),
('penasluz','xk5kQS$x!$',133),
('campoysoledad','_0lEiZ+PGT',134),
('tomasvazquez','VP1@Mnf#N(',135),
('yheras','ZLW37OVc_s',136),
('rosariobaena','kG77#Ui5$6',137),
('calcaraz','*5LwcLlCXs',138),
('velazquezdolores','r)4ARd8Igv',139),
('fsacristan','*7Xtlv#@i(',140),
('amparovilanova','%8Y1F)j6Kt',141),
('karjona','^f9xvId@2_',142),
('pererapatricia','lKB41Toc)$',143),
('cobosjose-antonio','CH2Szr1n^r',144),
('frueda','cHCKIgjT!9',145),
('cornejocarolina','4VYpNu4U)T',146),
('kbilbao','V)1ZjH%RLs',147),
('izaguirrejoaquin','^1Lkduw&dG',148),
('nerea66','v6EHX1eX(1',149),
('juan-franciscoocana','@2+)N0sTy9',150),
('emilio51','LpN11VArC!',151),
('wpulido','ku7Hz)y3@C',152),
('hnovoa','DtF*KFbM(5',153),
('bravonatalia','dj%3RhSba)',154),
('luzmolins',')u1JWmHk1s',155),
('xvillena','wj@VRz$p$3',156),
('victornavas','@Yg@lp&7w7',157),
('mariabatlle','p5&CFL9i%m',158),
('fernandocifuentes','8aYu^edE_t',159),
('cidvicente','LSc1GHTk!1',160),
('celia32','1RS_%O(u(*',161),
('rosario99','%_XEJG2m!7',162),
('emunoz','zLB6NRXt)*',163),
('ttaboada','k0qK9P9$$U',164);

INSERT INTO pedido (ped_fentrega,d_id) VALUES
('20-06-2018',3),('19-06-2018',3),('18-06-2018',3),('17-06-2018',3),('15-06-2018',3);

INSERT INTO pedido (ped_fentrega,cj_id) VALUES
('10-06-2018',1),('09-06-2018',2),('08-06-2018',3),('07-06-2018',4),('05-06-2018',5);

INSERT INTO pedido (ped_fentrega,cn_id) VALUES
('02-06-2018',1),('01-06-2018',2),('08-06-2018',3),('27-06-2018',4),('14-06-2018',5);

INSERT INTO ped_est (ped_id,es_id) VALUES
(1,1),(2,2),(3,2),(4,2),(5,2),(6,1),(7,2),(8,2),(9,2),(10,2),(11,3),(12,3),(13,3),(14,3),(15,3);

INSERT INTO comprafisica (cf_fcompra, cf_cant,cj_id,i_id) VALUES ('03-06-2018' ,3 , 1,1),
('01-06-2018' ,2 , 2,2), ('05-06-2018' ,3 , 3,3), ('06-06-2018' ,4 , 4,4), ('01-06-2018' ,5 , 5,5);

INSERT INTO compravirtual (cv_cant, cv_fcompra,pre_id,u_id,p_id,i_id) VALUES (1,'03-06-2018',1,1,1,1),
(2,'04-06-2018',2,2,2,2),(3,'03-06-2018',3,3,3,3),(4,'09-06-2018',4,4,4,4),(1,'10-06-2018',5,5,5,5);

INSERT INTO pagovirtual (pv_fpago,cv_id,tc_id, pv_monto) VALUES ('03-06-2018',1,1,100),
('04-06-2018',2,2,150),('05-06-2018',3,3,911),('06-06-2018',4,4,2001),('07-06-2018',5,5,666);

INSERT INTO pagofisico (pf_monto, cf_id) VALUES (100,1),(200,2),(300,3),(400,4),(500,5);
